,collection_date,geo_loc_name,isolation_source,ww_population,ww_sample_duration,ww_sample_matrix,ww_sample_type,ww_surv_target_1,ww_surv_target_1_known_present,collected_by,BioSampleModel,experiment_id,SRA_id,purpose_of_ww_sampling,purpose_of_ww_sequencing,sequenced_by,ww_industrial_effluent_percent,ww_population_source,ww_pre_treatment,ww_primary_sludge_retention_time,ww_processing_protocol,ww_sample_site,ww_surv_target_1_conc,ww_surv_target_1_conc_unit,ww_surv_target_1_gene,ww_surv_target_1_protocol,ww_surv_target_2,ww_surv_target_2_conc,ww_surv_target_2_conc_unit,ww_surv_target_2_gene,ww_surv_target_2_known_present
SRR23882261,2022-12-09,Australia:Queensland,wastewater,NA,0,raw wastewater,grab,SARS-CoV-2,yes,113,SARS-CoV-2: wastewater surveillance,SRR23882261,SRX19694141,,,,,,,,,,,,,,,,,,
SRR23882262,2022-12-08,Australia:Queensland,wastewater,NA,0,raw wastewater,grab,SARS-CoV-2,yes,112,SARS-CoV-2: wastewater surveillance,SRR23882262,SRX19694140,,,,,,,,,,,,,,,,,,
SRR23882263,2022-12-07,Australia:Queensland,wastewater,NA,0,raw wastewater,grab,SARS-CoV-2,yes,111,SARS-CoV-2: wastewater surveillance,SRR23882263,SRX19694139,,,,,,,,,,,,,,,,,,
SRR23882265,2022-12-06,Australia:Queensland,wastewater,NA,0,raw wastewater,grab,SARS-CoV-2,yes,110,SARS-CoV-2: wastewater surveillance,SRR23882265,SRX19694137,,,,,,,,,,,,,,,,,,
SRR23882266,2022-12-05,Australia:Queensland,wastewater,NA,0,raw wastewater,grab,SARS-CoV-2,yes,109,SARS-CoV-2: wastewater surveillance,SRR23882266,SRX19694136,,,,,,,,,,,,,,,,,,
SRR23882267,2022-12-02,Australia:Queensland,wastewater,NA,0,raw wastewater,grab,SARS-CoV-2,yes,108,SARS-CoV-2: wastewater surveillance,SRR23882267,SRX19694135,,,,,,,,,,,,,,,,,,
SRR23882268,2022-12-01,Australia:Queensland,wastewater,NA,0,raw wastewater,grab,SARS-CoV-2,yes,107,SARS-CoV-2: wastewater surveillance,SRR23882268,SRX19694134,,,,,,,,,,,,,,,,,,
SRR23882269,2022-11-30,Australia:Queensland,wastewater,NA,0,raw wastewater,grab,SARS-CoV-2,yes,106,SARS-CoV-2: wastewater surveillance,SRR23882269,SRX19694133,,,,,,,,,,,,,,,,,,
SRR23882270,2022-11-28,Australia:Queensland,wastewater,NA,0,raw wastewater,grab,SARS-CoV-2,yes,105,SARS-CoV-2: wastewater surveillance,SRR23882270,SRX19694132,,,,,,,,,,,,,,,,,,
SRR23882271,2022-11-24,Australia:Queensland,wastewater,NA,0,raw wastewater,grab,SARS-CoV-2,yes,104,SARS-CoV-2: wastewater surveillance,SRR23882271,SRX19694131,,,,,,,,,,,,,,,,,,
SRR23882272,2022-11-23,Australia:Queensland,wastewater,NA,0,raw wastewater,grab,SARS-CoV-2,yes,103,SARS-CoV-2: wastewater surveillance,SRR23882272,SRX19694130,,,,,,,,,,,,,,,,,,
SRR23882273,2022-11-22,Australia:Queensland,wastewater,NA,0,raw wastewater,grab,SARS-CoV-2,yes,102,SARS-CoV-2: wastewater surveillance,SRR23882273,SRX19694129,,,,,,,,,,,,,,,,,,
SRR23882274,2022-11-18,Australia:Queensland,wastewater,NA,0,raw wastewater,grab,SARS-CoV-2,yes,101,SARS-CoV-2: wastewater surveillance,SRR23882274,SRX19694128,,,,,,,,,,,,,,,,,,
SRR23882149,2022-11-16,Australia:Queensland,wastewater,NA,0,raw wastewater,grab,SARS-CoV-2,yes,100,SARS-CoV-2: wastewater surveillance,SRR23882149,SRX19694253,,,,,,,,,,,,,,,,,,
SRR23882215,2022-11-15,Australia:Queensland,wastewater,NA,0,raw wastewater,grab,SARS-CoV-2,yes,99,SARS-CoV-2: wastewater surveillance,SRR23882215,SRX19694187,,,,,,,,,,,,,,,,,,
SRR23882217,2022-09-14,Australia:Queensland,wastewater,NA,0,raw wastewater,grab,SARS-CoV-2,yes,97,SARS-CoV-2: wastewater surveillance,SRR23882217,SRX19694185,,,,,,,,,,,,,,,,,,
SRR23882216,2022-09-14,Australia:Queensland,wastewater,NA,0,raw wastewater,grab,SARS-CoV-2,yes,98,SARS-CoV-2: wastewater surveillance,SRR23882216,SRX19694186,,,,,,,,,,,,,,,,,,
SRR23882219,2022-09-07,Australia:Queensland,wastewater,NA,24,raw wastewater,composite,SARS-CoV-2,yes,95,SARS-CoV-2: wastewater surveillance,SRR23882219,SRX19694183,,,,,,,,,,,,,,,,,,
SRR23882218,2022-09-07,Australia:Queensland,wastewater,NA,24,raw wastewater,composite,SARS-CoV-2,yes,96,SARS-CoV-2: wastewater surveillance,SRR23882218,SRX19694184,,,,,,,,,,,,,,,,,,
SRR23882220,2022-08-31,Australia:Queensland,wastewater,NA,24,raw wastewater,composite,SARS-CoV-2,yes,94,SARS-CoV-2: wastewater surveillance,SRR23882220,SRX19694182,,,,,,,,,,,,,,,,,,
SRR23882221,2022-08-24,Australia:Queensland,wastewater,NA,24,raw wastewater,composite,SARS-CoV-2,yes,93,SARS-CoV-2: wastewater surveillance,SRR23882221,SRX19694181,,,,,,,,,,,,,,,,,,
SRR23882223,2022-08-17,Australia:Queensland,wastewater,NA,24,raw wastewater,composite,SARS-CoV-2,yes,91,SARS-CoV-2: wastewater surveillance,SRR23882223,SRX19694179,,,,,,,,,,,,,,,,,,
SRR23882222,2022-08-17,Australia:Queensland,wastewater,NA,24,raw wastewater,composite,SARS-CoV-2,yes,92,SARS-CoV-2: wastewater surveillance,SRR23882222,SRX19694180,,,,,,,,,,,,,,,,,,
SRR23882225,2022-08-10,Australia:Queensland,wastewater,NA,24,raw wastewater,composite,SARS-CoV-2,yes,90,SARS-CoV-2: wastewater surveillance,SRR23882225,SRX19694177,,,,,,,,,,,,,,,,,,
SRR23882226,2022-08-10,Australia:Queensland,wastewater,NA,24,raw wastewater,composite,SARS-CoV-2,yes,89,SARS-CoV-2: wastewater surveillance,SRR23882226,SRX19694176,,,,,,,,,,,,,,,,,,
SRR23882227,2022-08-04,Australia:Queensland,wastewater,NA,24,raw wastewater,composite,SARS-CoV-2,yes,88,SARS-CoV-2: wastewater surveillance,SRR23882227,SRX19694175,,,,,,,,,,,,,,,,,,
SRR23882228,2022-08-03,Australia:Queensland,wastewater,NA,24,raw wastewater,composite,SARS-CoV-2,yes,87,SARS-CoV-2: wastewater surveillance,SRR23882228,SRX19694174,,,,,,,,,,,,,,,,,,
SRR23882229,2022-07-27,Australia:Queensland,wastewater,NA,24,raw wastewater,composite,SARS-CoV-2,yes,86,SARS-CoV-2: wastewater surveillance,SRR23882229,SRX19694173,,,,,,,,,,,,,,,,,,
SRR23882230,2022-07-20,Australia:Queensland,wastewater,NA,24,raw wastewater,composite,SARS-CoV-2,yes,85,SARS-CoV-2: wastewater surveillance,SRR23882230,SRX19694172,,,,,,,,,,,,,,,,,,
SRR23882231,2022-07-20,Australia:Queensland,wastewater,NA,24,raw wastewater,composite,SARS-CoV-2,yes,84,SARS-CoV-2: wastewater surveillance,SRR23882231,SRX19694171,,,,,,,,,,,,,,,,,,
SRR23882232,2022-07-06,Australia:Queensland,wastewater,NA,24,raw wastewater,composite,SARS-CoV-2,yes,83,SARS-CoV-2: wastewater surveillance,SRR23882232,SRX19694170,,,,,,,,,,,,,,,,,,
SRR23882233,2022-06-28,Australia:Queensland,wastewater,NA,24,raw wastewater,composite,SARS-CoV-2,yes,82,SARS-CoV-2: wastewater surveillance,SRR23882233,SRX19694169,,,,,,,,,,,,,,,,,,
SRR23882234,2022-06-22,Australia:Queensland,wastewater,NA,24,raw wastewater,composite,SARS-CoV-2,yes,81,SARS-CoV-2: wastewater surveillance,SRR23882234,SRX19694168,,,,,,,,,,,,,,,,,,
SRR23882214,2022-06-08,Australia:Queensland,wastewater,NA,24,raw wastewater,composite,SARS-CoV-2,yes,80,SARS-CoV-2: wastewater surveillance,SRR23882214,SRX19694188,,,,,,,,,,,,,,,,,,
SRR23882238,2022-06-08,Australia:Queensland,wastewater,NA,24,raw wastewater,composite,SARS-CoV-2,yes,79,SARS-CoV-2: wastewater surveillance,SRR23882238,SRX19694164,,,,,,,,,,,,,,,,,,
SRR23882239,2022-06-01,Australia:Queensland,wastewater,NA,24,raw wastewater,composite,SARS-CoV-2,yes,78,SARS-CoV-2: wastewater surveillance,SRR23882239,SRX19694163,,,,,,,,,,,,,,,,,,
SRR23882240,2022-06-01,Australia:Queensland,wastewater,NA,24,raw wastewater,composite,SARS-CoV-2,yes,77,SARS-CoV-2: wastewater surveillance,SRR23882240,SRX19694162,,,,,,,,,,,,,,,,,,
SRR23882241,2022-05-25,Australia:Queensland,wastewater,NA,24,raw wastewater,composite,SARS-CoV-2,yes,76,SARS-CoV-2: wastewater surveillance,SRR23882241,SRX19694161,,,,,,,,,,,,,,,,,,
SRR23882242,2022-05-25,Australia:Queensland,wastewater,NA,24,raw wastewater,composite,SARS-CoV-2,yes,75,SARS-CoV-2: wastewater surveillance,SRR23882242,SRX19694160,,,,,,,,,,,,,,,,,,
SRR23882243,2022-05-18,Australia:Queensland,wastewater,NA,24,raw wastewater,composite,SARS-CoV-2,yes,74,SARS-CoV-2: wastewater surveillance,SRR23882243,SRX19694159,,,,,,,,,,,,,,,,,,
SRR23882244,2022-05-04,Australia:Queensland,wastewater,NA,24,raw wastewater,composite,SARS-CoV-2,yes,73,SARS-CoV-2: wastewater surveillance,SRR23882244,SRX19694158,,,,,,,,,,,,,,,,,,
SRR23882245,2022-04-27,Australia:Queensland,wastewater,NA,24,raw wastewater,composite,SARS-CoV-2,yes,72,SARS-CoV-2: wastewater surveillance,SRR23882245,SRX19694157,,,,,,,,,,,,,,,,,,
SRR23882150,2022-04-20,Australia:Queensland,wastewater,NA,24,raw wastewater,composite,SARS-CoV-2,yes,71,SARS-CoV-2: wastewater surveillance,SRR23882150,SRX19694252,,,,,,,,,,,,,,,,,,
SRR23882152,2022-04-20,Australia:Queensland,wastewater,NA,24,raw wastewater,composite,SARS-CoV-2,yes,70,SARS-CoV-2: wastewater surveillance,SRR23882152,SRX19694250,,,,,,,,,,,,,,,,,,
SRR23882154,2022-04-13,Australia:Queensland,wastewater,NA,24,raw wastewater,composite,SARS-CoV-2,yes,68,SARS-CoV-2: wastewater surveillance,SRR23882154,SRX19694248,,,,,,,,,,,,,,,,,,
SRR23882153,2022-04-13,Australia:Queensland,wastewater,NA,24,raw wastewater,composite,SARS-CoV-2,yes,69,SARS-CoV-2: wastewater surveillance,SRR23882153,SRX19694249,,,,,,,,,,,,,,,,,,
SRR23882155,2022-04-06,Australia:Queensland,wastewater,NA,24,raw wastewater,composite,SARS-CoV-2,yes,67,SARS-CoV-2: wastewater surveillance,SRR23882155,SRX19694247,,,,,,,,,,,,,,,,,,
SRR23882156,2022-04-06,Australia:Queensland,wastewater,NA,24,raw wastewater,composite,SARS-CoV-2,yes,66,SARS-CoV-2: wastewater surveillance,SRR23882156,SRX19694246,,,,,,,,,,,,,,,,,,
SRR23882157,2022-03-30,Australia:Queensland,wastewater,NA,24,raw wastewater,composite,SARS-CoV-2,yes,65,SARS-CoV-2: wastewater surveillance,SRR23882157,SRX19694245,,,,,,,,,,,,,,,,,,
SRR23882158,2022-03-23,Australia:Queensland,wastewater,NA,24,raw wastewater,composite,SARS-CoV-2,yes,64,SARS-CoV-2: wastewater surveillance,SRR23882158,SRX19694244,,,,,,,,,,,,,,,,,,
SRR23882160,2022-03-16,Australia:Queensland,wastewater,NA,24,raw wastewater,composite,SARS-CoV-2,yes,62,SARS-CoV-2: wastewater surveillance,SRR23882160,SRX19694242,,,,,,,,,,,,,,,,,,
SRR23882159,2022-03-16,Australia:Queensland,wastewater,NA,24,raw wastewater,composite,SARS-CoV-2,yes,63,SARS-CoV-2: wastewater surveillance,SRR23882159,SRX19694243,,,,,,,,,,,,,,,,,,
SRR23882161,2022-03-09,Australia:Queensland,wastewater,NA,24,raw wastewater,composite,SARS-CoV-2,yes,61,SARS-CoV-2: wastewater surveillance,SRR23882161,SRX19694241,,,,,,,,,,,,,,,,,,
SRR23882163,2022-03-09,Australia:Queensland,wastewater,NA,24,raw wastewater,composite,SARS-CoV-2,yes,60,SARS-CoV-2: wastewater surveillance,SRR23882163,SRX19694239,,,,,,,,,,,,,,,,,,
SRR23882186,2022-03-04,Australia:Queensland,wastewater,NA,24,raw wastewater,composite,SARS-CoV-2,yes,59,SARS-CoV-2: wastewater surveillance,SRR23882186,SRX19694216,,,,,,,,,,,,,,,,,,
SRR23882236,2022-03-02,Australia:Queensland,wastewater,NA,24,raw wastewater,composite,SARS-CoV-2,yes,58,SARS-CoV-2: wastewater surveillance,SRR23882236,SRX19694166,,,,,,,,,,,,,,,,,,
SRR23882237,2022-02-23,Australia:Queensland,wastewater,NA,24,raw wastewater,composite,SARS-CoV-2,yes,57,SARS-CoV-2: wastewater surveillance,SRR23882237,SRX19694165,,,,,,,,,,,,,,,,,,
SRR23882165,2022-02-22,Australia:Queensland,wastewater,NA,24,raw wastewater,composite,SARS-CoV-2,yes,56,SARS-CoV-2: wastewater surveillance,SRR23882165,SRX19694237,,,,,,,,,,,,,,,,,,
SRR23882166,2022-02-16,Australia:Queensland,wastewater,NA,24,raw wastewater,composite,SARS-CoV-2,yes,55,SARS-CoV-2: wastewater surveillance,SRR23882166,SRX19694236,,,,,,,,,,,,,,,,,,
SRR23882167,2022-02-16,Australia:Queensland,wastewater,NA,24,raw wastewater,composite,SARS-CoV-2,yes,54,SARS-CoV-2: wastewater surveillance,SRR23882167,SRX19694235,,,,,,,,,,,,,,,,,,
SRR23882169,2022-02-09,Australia:Queensland,wastewater,NA,24,raw wastewater,composite,SARS-CoV-2,yes,52,SARS-CoV-2: wastewater surveillance,SRR23882169,SRX19694233,,,,,,,,,,,,,,,,,,
SRR23882168,2022-02-09,Australia:Queensland,wastewater,NA,24,raw wastewater,composite,SARS-CoV-2,yes,53,SARS-CoV-2: wastewater surveillance,SRR23882168,SRX19694234,,,,,,,,,,,,,,,,,,
SRR23882187,2022-02-02,Australia:Queensland,wastewater,NA,24,raw wastewater,composite,SARS-CoV-2,yes,51,SARS-CoV-2: wastewater surveillance,SRR23882187,SRX19694215,,,,,,,,,,,,,,,,,,
SRR23882184,2022-02-02,Australia:Queensland,wastewater,NA,24,raw wastewater,composite,SARS-CoV-2,yes,50,SARS-CoV-2: wastewater surveillance,SRR23882184,SRX19694218,,,,,,,,,,,,,,,,,,
SRR23882183,2022-01-26,Australia:Queensland,wastewater,NA,24,raw wastewater,composite,SARS-CoV-2,yes,49,SARS-CoV-2: wastewater surveillance,SRR23882183,SRX19694219,,,,,,,,,,,,,,,,,,
SRR23882182,2022-01-25,Australia:Queensland,wastewater,NA,24,raw wastewater,composite,SARS-CoV-2,yes,48,SARS-CoV-2: wastewater surveillance,SRR23882182,SRX19694220,,,,,,,,,,,,,,,,,,
SRR23882181,2022-01-19,Australia:Queensland,wastewater,NA,24,raw wastewater,composite,SARS-CoV-2,yes,47,SARS-CoV-2: wastewater surveillance,SRR23882181,SRX19694221,,,,,,,,,,,,,,,,,,
SRR23882180,2022-01-19,Australia:Queensland,wastewater,NA,24,raw wastewater,composite,SARS-CoV-2,yes,46,SARS-CoV-2: wastewater surveillance,SRR23882180,SRX19694222,,,,,,,,,,,,,,,,,,
SRR23882179,2022-01-12,Australia:Queensland,wastewater,NA,24,raw wastewater,composite,SARS-CoV-2,yes,45,SARS-CoV-2: wastewater surveillance,SRR23882179,SRX19694223,,,,,,,,,,,,,,,,,,
SRR23882178,2022-01-12,Australia:Queensland,wastewater,NA,24,raw wastewater,composite,SARS-CoV-2,yes,44,SARS-CoV-2: wastewater surveillance,SRR23882178,SRX19694224,,,,,,,,,,,,,,,,,,
SRR23882177,2022-01-10,Australia:Queensland,wastewater,NA,24,raw wastewater,composite,SARS-CoV-2,yes,43,SARS-CoV-2: wastewater surveillance,SRR23882177,SRX19694225,,,,,,,,,,,,,,,,,,
SRR23882176,2022-01-04,Australia:Queensland,wastewater,NA,24,raw wastewater,composite,SARS-CoV-2,yes,42,SARS-CoV-2: wastewater surveillance,SRR23882176,SRX19694226,,,,,,,,,,,,,,,,,,
SRR23882246,2022-01-01,Australia:Queensland,Artificial,NA,0,not provided,not provided,SARS-CoV-2,yes,127,SARS-CoV-2: wastewater surveillance,SRR23882246,SRX19694156,,,,,,,,,,,,,,,,,,
SRR23882259,2022-01-01,Australia:Queensland,Artificial,NA,0,not provided,not provided,SARS-CoV-2,yes,115,SARS-CoV-2: wastewater surveillance,SRR23882259,SRX19694143,,,,,,,,,,,,,,,,,,
SRR23882258,2022-01-01,Australia:Queensland,Artificial,NA,0,not provided,not provided,SARS-CoV-2,yes,116,SARS-CoV-2: wastewater surveillance,SRR23882258,SRX19694144,,,,,,,,,,,,,,,,,,
SRR23882257,2022-01-01,Australia:Queensland,Artificial,NA,0,not provided,not provided,SARS-CoV-2,yes,117,SARS-CoV-2: wastewater surveillance,SRR23882257,SRX19694145,,,,,,,,,,,,,,,,,,
SRR23882256,2022-01-01,Australia:Queensland,Artificial,NA,0,not provided,not provided,SARS-CoV-2,yes,118,SARS-CoV-2: wastewater surveillance,SRR23882256,SRX19694146,,,,,,,,,,,,,,,,,,
SRR23882255,2022-01-01,Australia:Queensland,Artificial,NA,0,not provided,not provided,SARS-CoV-2,yes,119,SARS-CoV-2: wastewater surveillance,SRR23882255,SRX19694147,,,,,,,,,,,,,,,,,,
SRR23882254,2022-01-01,Australia:Queensland,Artificial,NA,0,not provided,not provided,SARS-CoV-2,yes,120,SARS-CoV-2: wastewater surveillance,SRR23882254,SRX19694148,,,,,,,,,,,,,,,,,,
SRR23882252,2022-01-01,Australia:Queensland,Artificial,NA,0,not provided,not provided,SARS-CoV-2,yes,121,SARS-CoV-2: wastewater surveillance,SRR23882252,SRX19694150,,,,,,,,,,,,,,,,,,
SRR23882251,2022-01-01,Australia:Queensland,Artificial,NA,0,not provided,not provided,SARS-CoV-2,yes,122,SARS-CoV-2: wastewater surveillance,SRR23882251,SRX19694151,,,,,,,,,,,,,,,,,,
SRR23882250,2022-01-01,Australia:Queensland,Artificial,NA,0,not provided,not provided,SARS-CoV-2,yes,123,SARS-CoV-2: wastewater surveillance,SRR23882250,SRX19694152,,,,,,,,,,,,,,,,,,
SRR23882249,2022-01-01,Australia:Queensland,Artificial,NA,0,not provided,not provided,SARS-CoV-2,yes,124,SARS-CoV-2: wastewater surveillance,SRR23882249,SRX19694153,,,,,,,,,,,,,,,,,,
SRR23882247,2022-01-01,Australia:Queensland,Artificial,NA,0,not provided,not provided,SARS-CoV-2,yes,126,SARS-CoV-2: wastewater surveillance,SRR23882247,SRX19694155,,,,,,,,,,,,,,,,,,
SRR23882260,2022-01-01,Australia:Queensland,Artificial,NA,0,not provided,not provided,SARS-CoV-2,yes,114,SARS-CoV-2: wastewater surveillance,SRR23882260,SRX19694142,,,,,,,,,,,,,,,,,,
SRR23882248,2022-01-01,Australia:Queensland,Artificial,NA,0,not provided,not provided,SARS-CoV-2,yes,125,SARS-CoV-2: wastewater surveillance,SRR23882248,SRX19694154,,,,,,,,,,,,,,,,,,
SRR23882213,2022-01-01,Australia:Queensland,Artificial,NA,0,not provided,not provided,SARS-CoV-2,yes,128,SARS-CoV-2: wastewater surveillance,SRR23882213,SRX19694189,,,,,,,,,,,,,,,,,,
SRR23882212,2022-01-01,Australia:Queensland,Artificial,NA,0,not provided,not provided,SARS-CoV-2,yes,129,SARS-CoV-2: wastewater surveillance,SRR23882212,SRX19694190,,,,,,,,,,,,,,,,,,
SRR23882175,2021-12-29,Australia:Queensland,wastewater,NA,24,raw wastewater,composite,SARS-CoV-2,yes,41,SARS-CoV-2: wastewater surveillance,SRR23882175,SRX19694227,,,,,,,,,,,,,,,,,,
SRR23882173,2021-12-22,Australia:Queensland,wastewater,NA,24,raw wastewater,composite,SARS-CoV-2,yes,40,SARS-CoV-2: wastewater surveillance,SRR23882173,SRX19694229,,,,,,,,,,,,,,,,,,
SRR23882172,2021-12-21,Australia:Queensland,wastewater,NA,24,raw wastewater,composite,SARS-CoV-2,yes,39,SARS-CoV-2: wastewater surveillance,SRR23882172,SRX19694230,,,,,,,,,,,,,,,,,,
SRR23882171,2021-12-20,Australia:Queensland,wastewater,NA,24,raw wastewater,composite,SARS-CoV-2,yes,38,SARS-CoV-2: wastewater surveillance,SRR23882171,SRX19694231,,,,,,,,,,,,,,,,,,
SRR23882193,2021-12-20,Australia:Queensland,wastewater,NA,24,raw wastewater,composite,SARS-CoV-2,yes,35,SARS-CoV-2: wastewater surveillance,SRR23882193,SRX19694209,,,,,,,,,,,,,,,,,,
SRR23882194,2021-12-20,Australia:Queensland,wastewater,NA,24,raw wastewater,composite,SARS-CoV-2,yes,36,SARS-CoV-2: wastewater surveillance,SRR23882194,SRX19694208,,,,,,,,,,,,,,,,,,
SRR23882170,2021-12-20,Australia:Queensland,wastewater,NA,24,raw wastewater,composite,SARS-CoV-2,yes,37,SARS-CoV-2: wastewater surveillance,SRR23882170,SRX19694232,,,,,,,,,,,,,,,,,,
SRR23882192,2021-12-15,Australia:Queensland,wastewater,NA,24,raw wastewater,composite,SARS-CoV-2,yes,34,SARS-CoV-2: wastewater surveillance,SRR23882192,SRX19694210,,,,,,,,,,,,,,,,,,
SRR23882191,2021-12-15,Australia:Queensland,wastewater,NA,24,raw wastewater,composite,SARS-CoV-2,yes,33,SARS-CoV-2: wastewater surveillance,SRR23882191,SRX19694211,,,,,,,,,,,,,,,,,,
SRR23882189,2021-12-08,Australia:Queensland,wastewater,NA,24,raw wastewater,composite,SARS-CoV-2,yes,31,SARS-CoV-2: wastewater surveillance,SRR23882189,SRX19694213,,,,,,,,,,,,,,,,,,
SRR23882190,2021-12-08,Australia:Queensland,wastewater,NA,24,raw wastewater,composite,SARS-CoV-2,yes,32,SARS-CoV-2: wastewater surveillance,SRR23882190,SRX19694212,,,,,,,,,,,,,,,,,,
SRR23882164,2021-12-06,Australia:Queensland,wastewater,NA,24,raw wastewater,composite,SARS-CoV-2,yes,30,SARS-CoV-2: wastewater surveillance,SRR23882164,SRX19694238,,,,,,,,,,,,,,,,,,
SRR23882196,2021-12-01,Australia:Queensland,wastewater,NA,24,raw wastewater,composite,SARS-CoV-2,yes,28,SARS-CoV-2: wastewater surveillance,SRR23882196,SRX19694206,,,,,,,,,,,,,,,,,,
SRR23882195,2021-12-01,Australia:Queensland,wastewater,NA,24,raw wastewater,composite,SARS-CoV-2,yes,29,SARS-CoV-2: wastewater surveillance,SRR23882195,SRX19694207,,,,,,,,,,,,,,,,,,
SRR23882197,2021-11-29,Australia:Queensland,wastewater,NA,24,raw wastewater,composite,SARS-CoV-2,yes,27,SARS-CoV-2: wastewater surveillance,SRR23882197,SRX19694205,,,,,,,,,,,,,,,,,,
SRR17238185,2021-11-25,Australia: Darwin,aircraft wastewater,300,0,raw wastewater,grab,SARS-CoV-2,yes,CSIRO Australia,SARS-CoV-2: wastewater surveillance,SRR17238185,SRX13417274,public health surveillance building-level,confirmation of Omicron VOC presence,MGI Australia,0,onboard passengers,none,flight duration,ultrafiltration with CP Select,airplane,400 GC/mL,400000,CDC N1,https://doi.org/10.1016/j.envint.2021.106938,SARS-CoV-2,252 GC/mL,252000,CDC N2,yes
SRR23882198,2021-11-18,Australia:Queensland,wastewater,NA,24,raw wastewater,composite,SARS-CoV-2,yes,26,SARS-CoV-2: wastewater surveillance,SRR23882198,SRX19694204,,,,,,,,,,,,,,,,,,
SRR23882199,2021-07-12,Australia:Queensland,wastewater,NA,24,raw wastewater,composite,SARS-CoV-2,yes,25,SARS-CoV-2: wastewater surveillance,SRR23882199,SRX19694203,,,,,,,,,,,,,,,,,,
SRR23882200,2021-06-28,Australia:Queensland,wastewater,NA,24,raw wastewater,composite,SARS-CoV-2,yes,24,SARS-CoV-2: wastewater surveillance,SRR23882200,SRX19694202,,,,,,,,,,,,,,,,,,
SRR17088653,2021-06-01,Australia,environmental-3,100000,24,raw wastewater,grab,SARS-CoV-2,no,,SARS-CoV-2: wastewater surveillance,SRR17088653,SRX13276613,,,,,,,,,,,,,,,,,,
SRR17088650,2021-06-01,Australia,environmental-6,100000,24,raw wastewater,grab,SARS-CoV-2,no,,SARS-CoV-2: wastewater surveillance,SRR17088650,SRX13276616,,,,,,,,,,,,,,,,,,
SRR17088647,2021-06-01,Australia,environmental-9,100000,24,raw wastewater,grab,SARS-CoV-2,no,,SARS-CoV-2: wastewater surveillance,SRR17088647,SRX13276619,,,,,,,,,,,,,,,,,,
SRR17088651,2021-06-01,Australia,environmental-5,100000,24,raw wastewater,grab,SARS-CoV-2,no,,SARS-CoV-2: wastewater surveillance,SRR17088651,SRX13276615,,,,,,,,,,,,,,,,,,
SRR17088648,2021-06-01,Australia,environmental-8,100000,24,raw wastewater,grab,SARS-CoV-2,no,,SARS-CoV-2: wastewater surveillance,SRR17088648,SRX13276618,,,,,,,,,,,,,,,,,,
SRR17088649,2021-06-01,Australia,environmental-7,100000,24,raw wastewater,grab,SARS-CoV-2,no,,SARS-CoV-2: wastewater surveillance,SRR17088649,SRX13276617,,,,,,,,,,,,,,,,,,
SRR17088652,2021-06-01,Australia,environmental-4,100000,24,raw wastewater,grab,SARS-CoV-2,no,,SARS-CoV-2: wastewater surveillance,SRR17088652,SRX13276614,,,,,,,,,,,,,,,,,,
SRR17088655,2021-06-01,Australia,environmental-1,100000,24,raw wastewater,grab,SARS-CoV-2,no,,SARS-CoV-2: wastewater surveillance,SRR17088655,SRX13276611,,,,,,,,,,,,,,,,,,
SRR17088654,2021-06-01,Australia,environmental-2,100000,24,raw wastewater,grab,SARS-CoV-2,no,,SARS-CoV-2: wastewater surveillance,SRR17088654,SRX13276612,,,,,,,,,,,,,,,,,,
SRR23882201,2021-05-31,Australia:Queensland,wastewater,NA,24,raw wastewater,composite,SARS-CoV-2,yes,23,SARS-CoV-2: wastewater surveillance,SRR23882201,SRX19694201,,,,,,,,,,,,,,,,,,
SRR23882202,2021-04-01,Australia:Queensland,wastewater,NA,24,raw wastewater,composite,SARS-CoV-2,yes,22,SARS-CoV-2: wastewater surveillance,SRR23882202,SRX19694200,,,,,,,,,,,,,,,,,,
SRR23882203,2021-03-29,Australia:Queensland,wastewater,NA,24,raw wastewater,composite,SARS-CoV-2,yes,21,SARS-CoV-2: wastewater surveillance,SRR23882203,SRX19694199,,,,,,,,,,,,,,,,,,
SRR23882205,2021-02-09,Australia:Queensland,wastewater,NA,24,raw wastewater,composite,SARS-CoV-2,yes,20,SARS-CoV-2: wastewater surveillance,SRR23882205,SRX19694197,,,,,,,,,,,,,,,,,,
SRR23882206,2021-02-03,Australia:Queensland,wastewater,NA,24,raw wastewater,composite,SARS-CoV-2,yes,19,SARS-CoV-2: wastewater surveillance,SRR23882206,SRX19694196,,,,,,,,,,,,,,,,,,
SRR23882207,2021-02-02,Australia:Queensland,wastewater,NA,24,raw wastewater,composite,SARS-CoV-2,yes,18,SARS-CoV-2: wastewater surveillance,SRR23882207,SRX19694195,,,,,,,,,,,,,,,,,,
SRR23882208,2021-02-01,Australia:Queensland,wastewater,NA,24,raw wastewater,composite,SARS-CoV-2,yes,17,SARS-CoV-2: wastewater surveillance,SRR23882208,SRX19694194,,,,,,,,,,,,,,,,,,
SRR23882209,2021-01-25,Australia:Queensland,wastewater,NA,24,raw wastewater,composite,SARS-CoV-2,yes,16,SARS-CoV-2: wastewater surveillance,SRR23882209,SRX19694193,,,,,,,,,,,,,,,,,,
SRR23882210,2021-01-20,Australia:Queensland,wastewater,NA,24,raw wastewater,composite,SARS-CoV-2,yes,15,SARS-CoV-2: wastewater surveillance,SRR23882210,SRX19694192,,,,,,,,,,,,,,,,,,
SRR23882211,2021-01-12,Australia:Queensland,wastewater,NA,24,raw wastewater,composite,SARS-CoV-2,yes,14,SARS-CoV-2: wastewater surveillance,SRR23882211,SRX19694191,,,,,,,,,,,,,,,,,,
SRR23882253,2021-01-12,Australia:Queensland,wastewater,NA,24,raw wastewater,composite,SARS-CoV-2,yes,13,SARS-CoV-2: wastewater surveillance,SRR23882253,SRX19694149,,,,,,,,,,,,,,,,,,
SRR23882264,2021-01-10,Australia:Queensland,wastewater,NA,24,raw wastewater,composite,SARS-CoV-2,yes,12,SARS-CoV-2: wastewater surveillance,SRR23882264,SRX19694138,,,,,,,,,,,,,,,,,,
SRR18761755,2021-01-01,Australia:Brisbane,Artificial,NA,0,not provided,not provided,SARS-CoV-25,yes,,SARS-CoV-2: wastewater surveillance,SRR18761755,SRX14861204,,,,,,,,,,,,,,,,,,
SRR18761743,2021-01-01,Australia:Brisbane,Artificial,NA,0,not provided,not provided,SARS-CoV-52,yes,,SARS-CoV-2: wastewater surveillance,SRR18761743,SRX14861216,,,,,,,,,,,,,,,,,,
SRR18761744,2021-01-01,Australia:Brisbane,Artificial,NA,0,not provided,not provided,SARS-CoV-47,yes,,SARS-CoV-2: wastewater surveillance,SRR18761744,SRX14861215,,,,,,,,,,,,,,,,,,
SRR18761745,2021-01-01,Australia:Brisbane,Artificial,NA,0,not provided,not provided,SARS-CoV-46,yes,,SARS-CoV-2: wastewater surveillance,SRR18761745,SRX14861214,,,,,,,,,,,,,,,,,,
SRR18761746,2021-01-01,Australia:Brisbane,Artificial,NA,0,not provided,not provided,SARS-CoV-28,yes,,SARS-CoV-2: wastewater surveillance,SRR18761746,SRX14861213,,,,,,,,,,,,,,,,,,
SRR18761747,2021-01-01,Australia:Brisbane,Artificial,NA,0,not provided,not provided,SARS-CoV-45,yes,,SARS-CoV-2: wastewater surveillance,SRR18761747,SRX14861212,,,,,,,,,,,,,,,,,,
SRR18761748,2021-01-01,Australia:Brisbane,Artificial,NA,0,not provided,not provided,SARS-CoV-40,yes,,SARS-CoV-2: wastewater surveillance,SRR18761748,SRX14861211,,,,,,,,,,,,,,,,,,
SRR18761749,2021-01-01,Australia:Brisbane,Artificial,NA,0,not provided,not provided,SARS-CoV-39,yes,,SARS-CoV-2: wastewater surveillance,SRR18761749,SRX14861210,,,,,,,,,,,,,,,,,,
SRR18761742,2021-01-01,Australia:Brisbane,Artificial,NA,0,not provided,not provided,SARS-CoV-53,yes,,SARS-CoV-2: wastewater surveillance,SRR18761742,SRX14861217,,,,,,,,,,,,,,,,,,
SRR18761750,2021-01-01,Australia:Brisbane,Artificial,NA,0,not provided,not provided,SARS-CoV-38,yes,,SARS-CoV-2: wastewater surveillance,SRR18761750,SRX14861209,,,,,,,,,,,,,,,,,,
SRR18761751,2021-01-01,Australia:Brisbane,Artificial,NA,0,not provided,not provided,SARS-CoV-33,yes,,SARS-CoV-2: wastewater surveillance,SRR18761751,SRX14861208,,,,,,,,,,,,,,,,,,
SRR18761752,2021-01-01,Australia:Brisbane,Artificial,NA,0,not provided,not provided,SARS-CoV-32,yes,,SARS-CoV-2: wastewater surveillance,SRR18761752,SRX14861207,,,,,,,,,,,,,,,,,,
SRR18761753,2021-01-01,Australia:Brisbane,Artificial,NA,0,not provided,not provided,SARS-CoV-31,yes,,SARS-CoV-2: wastewater surveillance,SRR18761753,SRX14861206,,,,,,,,,,,,,,,,,,
SRR18761754,2021-01-01,Australia:Brisbane,Artificial,NA,0,not provided,not provided,SARS-CoV-26,yes,,SARS-CoV-2: wastewater surveillance,SRR18761754,SRX14861205,,,,,,,,,,,,,,,,,,
SRR18761762,2021-01-01,Australia:Brisbane,Artificial,NA,0,not provided,not provided,SARS-CoV-37,yes,,SARS-CoV-2: wastewater surveillance,SRR18761762,SRX14861197,,,,,,,,,,,,,,,,,,
SRR18761756,2021-01-01,Australia:Brisbane,Artificial,NA,0,not provided,not provided,SARS-CoV-24,yes,,SARS-CoV-2: wastewater surveillance,SRR18761756,SRX14861203,,,,,,,,,,,,,,,,,,
SRR18761757,2021-01-01,Australia:Brisbane,Artificial,NA,0,not provided,not provided,SARS-CoV-27,yes,,SARS-CoV-2: wastewater surveillance,SRR18761757,SRX14861202,,,,,,,,,,,,,,,,,,
SRR18761758,2021-01-01,Australia:Brisbane,Artificial,NA,0,not provided,not provided,SARS-CoV-51,yes,,SARS-CoV-2: wastewater surveillance,SRR18761758,SRX14861201,,,,,,,,,,,,,,,,,,
SRR18761759,2021-01-01,Australia:Brisbane,Artificial,NA,0,not provided,not provided,SARS-CoV-50,yes,,SARS-CoV-2: wastewater surveillance,SRR18761759,SRX14861200,,,,,,,,,,,,,,,,,,
SRR18761760,2021-01-01,Australia:Brisbane,Artificial,NA,0,not provided,not provided,SARS-CoV-44,yes,,SARS-CoV-2: wastewater surveillance,SRR18761760,SRX14861199,,,,,,,,,,,,,,,,,,
SRR18761761,2021-01-01,Australia:Brisbane,Artificial,NA,0,not provided,not provided,SARS-CoV-43,yes,,SARS-CoV-2: wastewater surveillance,SRR18761761,SRX14861198,,,,,,,,,,,,,,,,,,
SRR18761763,2021-01-01,Australia:Brisbane,Artificial,NA,0,not provided,not provided,SARS-CoV-36,yes,,SARS-CoV-2: wastewater surveillance,SRR18761763,SRX14861196,,,,,,,,,,,,,,,,,,
SRR18761764,2021-01-01,Australia:Brisbane,Artificial,NA,0,not provided,not provided,SARS-CoV-30,yes,,SARS-CoV-2: wastewater surveillance,SRR18761764,SRX14861195,,,,,,,,,,,,,,,,,,
SRR18761765,2021-01-01,Australia:Brisbane,Artificial,NA,0,not provided,not provided,SARS-CoV-29,yes,,SARS-CoV-2: wastewater surveillance,SRR18761765,SRX14861194,,,,,,,,,,,,,,,,,,
SRR18761766,2021-01-01,Australia:Brisbane,Artificial,NA,0,not provided,not provided,SARS-CoV-23,yes,,SARS-CoV-2: wastewater surveillance,SRR18761766,SRX14861193,,,,,,,,,,,,,,,,,,
SRR18761767,2021-01-01,Australia:Brisbane,Artificial,NA,0,not provided,not provided,SARS-CoV-22,yes,,SARS-CoV-2: wastewater surveillance,SRR18761767,SRX14861192,,,,,,,,,,,,,,,,,,
SRR18761768,2021-01-01,Australia:Brisbane,Artificial,NA,0,not provided,not provided,SARS-CoV-21,yes,,SARS-CoV-2: wastewater surveillance,SRR18761768,SRX14861191,,,,,,,,,,,,,,,,,,
SRR18761769,2021-01-01,Australia:Brisbane,Artificial,NA,0,not provided,not provided,SARS-CoV-20,yes,,SARS-CoV-2: wastewater surveillance,SRR18761769,SRX14861190,,,,,,,,,,,,,,,,,,
SRR18761740,2021-01-01,Australia:Brisbane,wastewater,NA,24,raw wastewater,composite,SARS-CoV-2,yes,,SARS-CoV-2: wastewater surveillance,SRR18761740,SRX14861219,,,,,,,,,,,,,,,,,,
SRR18761741,2021-01-01,Australia:Brisbane,Artificial,NA,0,not provided,not provided,SARS-CoV-54,yes,,SARS-CoV-2: wastewater surveillance,SRR18761741,SRX14861218,,,,,,,,,,,,,,,,,,
SRR18761724,2021-01-01,Australia:Brisbane,Artificial,NA,0,not provided,not provided,SARS-CoV-35,yes,,SARS-CoV-2: wastewater surveillance,SRR18761724,SRX14861235,,,,,,,,,,,,,,,,,,
SRR18761739,2021-01-01,Australia:Brisbane,wastewater,NA,24,raw wastewater,composite,SARS-CoV-3,yes,,SARS-CoV-2: wastewater surveillance,SRR18761739,SRX14861220,,,,,,,,,,,,,,,,,,
SRR18761723,2021-01-01,Australia:Brisbane,wastewater,NA,24,raw wastewater,composite,SARS-CoV-17,yes,,SARS-CoV-2: wastewater surveillance,SRR18761723,SRX14861236,,,,,,,,,,,,,,,,,,
SRR18906786,2021-01-01,Australia:Brisbane,sewage,NA,0,raw wastewater,missing,SARS-CoV-7,yes,,SARS-CoV-2: wastewater surveillance,SRR18906786,SRX14984887,,,,,,,,,,,,,,,,,,
SRR18906787,2021-01-01,Australia:Brisbane,sewage,NA,0,raw wastewater,missing,SARS-CoV-6,yes,,SARS-CoV-2: wastewater surveillance,SRR18906787,SRX14984886,,,,,,,,,,,,,,,,,,
SRR18906788,2021-01-01,Australia:Brisbane,sewage,NA,0,raw wastewater,missing,SARS-CoV-5,yes,,SARS-CoV-2: wastewater surveillance,SRR18906788,SRX14984885,,,,,,,,,,,,,,,,,,
SRR18906789,2021-01-01,Australia:Brisbane,sewage,NA,0,raw wastewater,missing,SARS-CoV-4,yes,,SARS-CoV-2: wastewater surveillance,SRR18906789,SRX14984884,,,,,,,,,,,,,,,,,,
SRR18906790,2021-01-01,Australia:Brisbane,sewage,NA,0,raw wastewater,missing,SARS-CoV-3,yes,,SARS-CoV-2: wastewater surveillance,SRR18906790,SRX14984883,,,,,,,,,,,,,,,,,,
SRR18906791,2021-01-01,Australia:Brisbane,sewage,NA,0,raw wastewater,missing,SARS-CoV-2,yes,,SARS-CoV-2: wastewater surveillance,SRR18906791,SRX14984882,,,,,,,,,,,,,,,,,,
SRR18761717,2021-01-01,Australia:Brisbane,Artificial,NA,0,not provided,not provided,SARS-CoV-49,yes,,SARS-CoV-2: wastewater surveillance,SRR18761717,SRX14861242,,,,,,,,,,,,,,,,,,
SRR18761718,2021-01-01,Australia:Brisbane,Artificial,NA,0,not provided,not provided,SARS-CoV-48,yes,,SARS-CoV-2: wastewater surveillance,SRR18761718,SRX14861241,,,,,,,,,,,,,,,,,,
SRR18761719,2021-01-01,Australia:Brisbane,Artificial,NA,0,not provided,not provided,SARS-CoV-42,yes,,SARS-CoV-2: wastewater surveillance,SRR18761719,SRX14861240,,,,,,,,,,,,,,,,,,
SRR18761738,2021-01-01,Australia:Brisbane,wastewater,NA,24,raw wastewater,composite,SARS-CoV-4,yes,,SARS-CoV-2: wastewater surveillance,SRR18761738,SRX14861221,,,,,,,,,,,,,,,,,,
SRR18761721,2021-01-01,Australia:Brisbane,wastewater,NA,24,raw wastewater,composite,SARS-CoV-19,yes,,SARS-CoV-2: wastewater surveillance,SRR18761721,SRX14861238,,,,,,,,,,,,,,,,,,
SRR18761722,2021-01-01,Australia:Brisbane,wastewater,NA,24,raw wastewater,composite,SARS-CoV-18,yes,,SARS-CoV-2: wastewater surveillance,SRR18761722,SRX14861237,,,,,,,,,,,,,,,,,,
SRR18761720,2021-01-01,Australia:Brisbane,Artificial,NA,0,not provided,not provided,SARS-CoV-41,yes,,SARS-CoV-2: wastewater surveillance,SRR18761720,SRX14861239,,,,,,,,,,,,,,,,,,
SRR18761736,2021-01-01,Australia:Brisbane,wastewater,NA,24,raw wastewater,composite,SARS-CoV-6,yes,,SARS-CoV-2: wastewater surveillance,SRR18761736,SRX14861223,,,,,,,,,,,,,,,,,,
SRR18761726,2021-01-01,Australia:Brisbane,wastewater,NA,24,raw wastewater,composite,SARS-CoV-15,yes,,SARS-CoV-2: wastewater surveillance,SRR18761726,SRX14861233,,,,,,,,,,,,,,,,,,
SRR18761727,2021-01-01,Australia:Brisbane,wastewater,NA,24,raw wastewater,composite,SARS-CoV-14,yes,,SARS-CoV-2: wastewater surveillance,SRR18761727,SRX14861232,,,,,,,,,,,,,,,,,,
SRR18761728,2021-01-01,Australia:Brisbane,wastewater,NA,24,raw wastewater,composite,SARS-CoV-13,yes,,SARS-CoV-2: wastewater surveillance,SRR18761728,SRX14861231,,,,,,,,,,,,,,,,,,
SRR18761729,2021-01-01,Australia:Brisbane,wastewater,NA,24,raw wastewater,composite,SARS-CoV-12,yes,,SARS-CoV-2: wastewater surveillance,SRR18761729,SRX14861230,,,,,,,,,,,,,,,,,,
SRR18761730,2021-01-01,Australia:Brisbane,wastewater,NA,24,raw wastewater,composite,SARS-CoV-11,yes,,SARS-CoV-2: wastewater surveillance,SRR18761730,SRX14861229,,,,,,,,,,,,,,,,,,
SRR18761731,2021-01-01,Australia:Brisbane,wastewater,NA,24,raw wastewater,composite,SARS-CoV-10,yes,,SARS-CoV-2: wastewater surveillance,SRR18761731,SRX14861228,,,,,,,,,,,,,,,,,,
SRR18761732,2021-01-01,Australia:Brisbane,wastewater,NA,24,raw wastewater,composite,SARS-CoV-9,yes,,SARS-CoV-2: wastewater surveillance,SRR18761732,SRX14861227,,,,,,,,,,,,,,,,,,
SRR18761733,2021-01-01,Australia:Brisbane,wastewater,NA,24,raw wastewater,composite,SARS-CoV-8,yes,,SARS-CoV-2: wastewater surveillance,SRR18761733,SRX14861226,,,,,,,,,,,,,,,,,,
SRR18761734,2021-01-01,Australia:Brisbane,wastewater,NA,24,raw wastewater,composite,SARS-CoV-7,yes,,SARS-CoV-2: wastewater surveillance,SRR18761734,SRX14861225,,,,,,,,,,,,,,,,,,
SRR18761735,2021-01-01,Australia:Brisbane,Artificial,NA,0,not provided,not provided,SARS-CoV-34,yes,,SARS-CoV-2: wastewater surveillance,SRR18761735,SRX14861224,,,,,,,,,,,,,,,,,,
SRR18761725,2021-01-01,Australia:Brisbane,wastewater,NA,24,raw wastewater,composite,SARS-CoV-16,yes,,SARS-CoV-2: wastewater surveillance,SRR18761725,SRX14861234,,,,,,,,,,,,,,,,,,
SRR18761737,2021-01-01,Australia:Brisbane,wastewater,NA,24,raw wastewater,composite,SARS-CoV-5,yes,,SARS-CoV-2: wastewater surveillance,SRR18761737,SRX14861222,,,,,,,,,,,,,,,,,,
SRR23882275,2020-12-29,Australia:Queensland,wastewater,NA,24,raw wastewater,composite,SARS-CoV-2,yes,11,SARS-CoV-2: wastewater surveillance,SRR23882275,SRX19694127,,,,,,,,,,,,,,,,,,
SRR23882224,2020-12-24,Australia:Queensland,wastewater,NA,24,raw wastewater,composite,SARS-CoV-2,yes,10,SARS-CoV-2: wastewater surveillance,SRR23882224,SRX19694178,,,,,,,,,,,,,,,,,,
SRR23882235,2020-12-14,Australia:Queensland,wastewater,NA,24,raw wastewater,composite,SARS-CoV-2,yes,9,SARS-CoV-2: wastewater surveillance,SRR23882235,SRX19694167,,,,,,,,,,,,,,,,,,
SRR23882151,2020-09-09,Australia:Queensland,wastewater,NA,24,raw wastewater,composite,SARS-CoV-2,yes,8,SARS-CoV-2: wastewater surveillance,SRR23882151,SRX19694251,,,,,,,,,,,,,,,,,,
SRR23882162,2020-08-09,Australia:Queensland,wastewater,NA,24,raw wastewater,composite,SARS-CoV-2,yes,7,SARS-CoV-2: wastewater surveillance,SRR23882162,SRX19694240,,,,,,,,,,,,,,,,,,
SRR23882185,2020-08-06,Australia:Queensland,wastewater,NA,24,raw wastewater,composite,SARS-CoV-2,yes,6,SARS-CoV-2: wastewater surveillance,SRR23882185,SRX19694217,,,,,,,,,,,,,,,,,,
SRR23882174,2020-08-05,Australia:Queensland,wastewater,NA,24,raw wastewater,composite,SARS-CoV-2,yes,5,SARS-CoV-2: wastewater surveillance,SRR23882174,SRX19694228,,,,,,,,,,,,,,,,,,
SRR23882188,2020-08-05,Australia:Queensland,wastewater,NA,24,raw wastewater,composite,SARS-CoV-2,yes,4,SARS-CoV-2: wastewater surveillance,SRR23882188,SRX19694214,,,,,,,,,,,,,,,,,,
SRR23882276,2020-08-03,Australia:Queensland,wastewater,NA,24,raw wastewater,composite,SARS-CoV-2,yes,2,SARS-CoV-2: wastewater surveillance,SRR23882276,SRX19694126,,,,,,,,,,,,,,,,,,
SRR23882204,2020-08-03,Australia:Queensland,wastewater,NA,24,raw wastewater,composite,SARS-CoV-2,yes,3,SARS-CoV-2: wastewater surveillance,SRR23882204,SRX19694198,,,,,,,,,,,,,,,,,,
SRR23882277,2020-07-31,Australia:Queensland,wastewater,NA,24,raw wastewater,composite,SARS-CoV-2,yes,1,SARS-CoV-2: wastewater surveillance,SRR23882277,SRX19694125,,,,,,,,,,,,,,,,,,
