,collection_date,geo_loc_name,isolation_source,ww_population,ww_sample_duration,ww_sample_matrix,ww_sample_type,ww_surv_target_1,ww_surv_target_1_known_present,BioSampleModel,experiment_id,SRA_id,sample,collected_by,fasta_file
SRR23703014,2022-01-31,"South Africa: CENTRAL WASTEWATER TREATMENT WORKS, ETHEKWINI, Kwa-Zulu Natal",urban wastewater treatment facility,NA,0,raw wastewater,grab,SARS-CoV-2,yes,SARS-CoV-2: wastewater surveillance,SRR23703014,SRX19564642,22-33,NICD,NC_045512_Hu-1.fasta
SRR23703015,2022-01-31,"South Africa: GOUDKOPPIES WWTW, Johannesburg MM, Gauteng",urban wastewater treatment facility,NA,0,raw wastewater,grab,SARS-CoV-2,yes,SARS-CoV-2: wastewater surveillance,SRR23703015,SRX19564641,22-32,NICD,NC_045512_Hu-1.fasta
SRR23703016,2022-01-31,"South Africa: ERWAT VLAKPLAATS WWTW, Ekurhuleni, Gauteng",urban wastewater treatment facility,NA,0,raw wastewater,grab,SARS-CoV-2,yes,SARS-CoV-2: wastewater surveillance,SRR23703016,SRX19564640,22-31,NICD,NC_045512_Hu-1.fasta
SRR23703019,2022-01-11,"South Africa: Daspoort Wastewater, Tshwane , Gauteng",urban wastewater treatment facility,NA,0,raw wastewater,grab,SARS-CoV-2,yes,SARS-CoV-2: wastewater surveillance,SRR23703019,SRX19564637,22-12,NICD,NC_045512_Hu-1.fasta
SRR23703020,2022-01-11,"South Africa: Hartebeesfontein Waterworks, Ekurhuleni, Gauteng",urban wastewater treatment facility,NA,0,raw wastewater,grab,SARS-CoV-2,yes,SARS-CoV-2: wastewater surveillance,SRR23703020,SRX19564636,22-11,NICD,NC_045512_Hu-1.fasta
SRR23703021,2022-01-11,"South Africa: Rooiwal Wastewater Treatment Works, Tshwane , Gauteng",urban wastewater treatment facility,NA,0,raw wastewater,grab,SARS-CoV-2,yes,SARS-CoV-2: wastewater surveillance,SRR23703021,SRX19564635,22-10,NICD,NC_045512_Hu-1.fasta
SRR23703009,2022-01-10,"South Africa: CENTRAL WASTEWATER TREATMENT WORKS, ETHEKWINI, Kwa-Zulu Natal",urban wastewater treatment facility,NA,0,raw wastewater,grab,SARS-CoV-2,yes,SARS-CoV-2: wastewater surveillance,SRR23703009,SRX19564647,22-8,NICD,NC_045512_Hu-1.fasta
SRR23703010,2022-01-10,"South Africa: ERWAT VLAKPLAATS WWTW, Ekurhuleni, Gauteng",urban wastewater treatment facility,NA,0,raw wastewater,grab,SARS-CoV-2,yes,SARS-CoV-2: wastewater surveillance,SRR23703010,SRX19564646,22-7,NICD,NC_045512_Hu-1.fasta
SRR23703008,2022-01-10,"South Africa: Northern Wastewater, ETHEKWINI, Kwa-Zulu Natal",urban wastewater treatment facility,NA,0,raw wastewater,grab,SARS-CoV-2,yes,SARS-CoV-2: wastewater surveillance,SRR23703008,SRX19564648,22-9,NICD,NC_045512_Hu-1.fasta
SRR23703011,2022-01-09,"South Africa: GOUDKOPPIES WWTW, Johannesburg MM, Gauteng",urban wastewater treatment facility,NA,0,raw wastewater,grab,SARS-CoV-2,yes,SARS-CoV-2: wastewater surveillance,SRR23703011,SRX19564645,22-6,NICD,NC_045512_Hu-1.fasta
SRR23703012,2022-01-04,"South Africa: Bloemspruit Wastewater, MANGAUNG, Free State",urban wastewater treatment facility,NA,0,raw wastewater,grab,SARS-CoV-2,yes,SARS-CoV-2: wastewater surveillance,SRR23703012,SRX19564644,22-5,NICD,NC_045512_Hu-1.fasta
SRR23703017,2022-01-04,"South Africa: Rooiwal Wastewater Treatment Works, Tshwane , Gauteng",urban wastewater treatment facility,NA,0,raw wastewater,grab,SARS-CoV-2,yes,SARS-CoV-2: wastewater surveillance,SRR23703017,SRX19564639,22-3,NICD,NC_045512_Hu-1.fasta
SRR23703023,2022-01-04,"South Africa: Hartebeesfontein Waterworks, Ekurhuleni, Gauteng",urban wastewater treatment facility,NA,0,raw wastewater,grab,SARS-CoV-2,yes,SARS-CoV-2: wastewater surveillance,SRR23703023,SRX19564633,22-006,NICD,NC_045512_Hu-1.fasta
SRR23703024,2022-01-04,"South Africa: Daspoort Wastewater, Tshwane , Gauteng",urban wastewater treatment facility,NA,0,raw wastewater,grab,SARS-CoV-2,yes,SARS-CoV-2: wastewater surveillance,SRR23703024,SRX19564632,22-005,NICD,NC_045512_Hu-1.fasta
SRR23703013,2022-01-04,"South Africa: Sterkwater Wastewater, MANGAUNG, Free State",urban wastewater treatment facility,NA,0,raw wastewater,grab,SARS-CoV-2,yes,SARS-CoV-2: wastewater surveillance,SRR23703013,SRX19564643,22-4,NICD,NC_045512_Hu-1.fasta
SRR23703022,2022-01-03,"South Africa: ERWAT VLAKPLAATS WWTW, Ekurhuleni, Gauteng",urban wastewater treatment facility,NA,0,raw wastewater,grab,SARS-CoV-2,yes,SARS-CoV-2: wastewater surveillance,SRR23703022,SRX19564634,22-1,NICD,NC_045512_Hu-1.fasta
SRR23703028,2021-12-21,"South Africa: Sterkwater Wastewater, MANGAUNG, Free State",urban wastewater treatment facility,NA,0,raw wastewater,grab,SARS-CoV-2,yes,SARS-CoV-2: wastewater surveillance,SRR23703028,SRX19564628,21-661,NICD,NC_045512_Hu-1.fasta
SRR23703027,2021-12-21,"South Africa: Bloemspruit Wastewater, MANGAUNG, Free State",urban wastewater treatment facility,NA,0,raw wastewater,grab,SARS-CoV-2,yes,SARS-CoV-2: wastewater surveillance,SRR23703027,SRX19564629,21-662,NICD,NC_045512_Hu-1.fasta
SRR23702841,2021-12-21,"South Africa: Rooiwal Wastewater Treatment Works, Tshwane , Gauteng",urban wastewater treatment facility,NA,0,raw wastewater,grab,SARS-CoV-2,yes,SARS-CoV-2: wastewater surveillance,SRR23702841,SRX19564504,21-304,NICD,NC_045512_Hu-1.fasta
SRR23702842,2021-12-21,"South Africa: Daspoort Wastewater, Tshwane , Gauteng",urban wastewater treatment facility,NA,0,raw wastewater,grab,SARS-CoV-2,yes,SARS-CoV-2: wastewater surveillance,SRR23702842,SRX19564503,21-303,NICD,NC_045512_Hu-1.fasta
SRR23702843,2021-12-20,"South Africa: GOUDKOPPIES WWTW, Johannesburg MM, Gauteng",urban wastewater treatment facility,NA,0,raw wastewater,grab,SARS-CoV-2,yes,SARS-CoV-2: wastewater surveillance,SRR23702843,SRX19564502,21-302,NICD,NC_045512_Hu-1.fasta
SRR23702844,2021-12-20,"South Africa: ERWAT VLAKPLAATS WWTW, Ekurhuleni, Gauteng",urban wastewater treatment facility,NA,0,raw wastewater,grab,SARS-CoV-2,yes,SARS-CoV-2: wastewater surveillance,SRR23702844,SRX19564501,21-301,NICD,NC_045512_Hu-1.fasta
SRR23702845,2021-12-14,"South Africa: Bloemspruit Wastewater, MANGAUNG, Free State",urban wastewater treatment facility,NA,0,raw wastewater,grab,SARS-CoV-2,yes,SARS-CoV-2: wastewater surveillance,SRR23702845,SRX19564500,21-300,NICD,NC_045512_Hu-1.fasta
SRR23702846,2021-12-14,"South Africa: Daspoort Wastewater, Tshwane , Gauteng",urban wastewater treatment facility,NA,0,raw wastewater,grab,SARS-CoV-2,yes,SARS-CoV-2: wastewater surveillance,SRR23702846,SRX19564499,21-298,NICD,NC_045512_Hu-1.fasta
SRR23703026,2021-12-14,"South Africa: Brickfield Pretreatment, NELSON MANDELA BAY METRO, Eastern Cape",urban wastewater treatment facility,NA,0,raw wastewater,grab,SARS-CoV-2,yes,SARS-CoV-2: wastewater surveillance,SRR23703026,SRX19564630,21-663,NICD,NC_045512_Hu-1.fasta
SRR23702849,2021-12-14,"South Africa: Hartebeesfontein Waterworks, Ekurhuleni, Gauteng",urban wastewater treatment facility,NA,0,raw wastewater,grab,SARS-CoV-2,yes,SARS-CoV-2: wastewater surveillance,SRR23702849,SRX19564496,21-295,NICD,NC_045512_Hu-1.fasta
SRR23702850,2021-12-14,"South Africa: Sterkwater Wastewater, MANGAUNG, Free State",urban wastewater treatment facility,NA,0,raw wastewater,grab,SARS-CoV-2,yes,SARS-CoV-2: wastewater surveillance,SRR23702850,SRX19564495,21-294,NICD,NC_045512_Hu-1.fasta
SRR23703025,2021-12-14,"South Africa: Kwanobuhle Waterwaste, NELSON MANDELA BAY METRO, Eastern Cape",urban wastewater treatment facility,NA,0,raw wastewater,grab,SARS-CoV-2,yes,SARS-CoV-2: wastewater surveillance,SRR23703025,SRX19564631,21-664,NICD,NC_045512_Hu-1.fasta
SRR23702848,2021-12-13,"South Africa: Northern Wastewater, ETHEKWINI, Kwa-Zulu Natal",urban wastewater treatment facility,NA,0,raw wastewater,grab,SARS-CoV-2,yes,SARS-CoV-2: wastewater surveillance,SRR23702848,SRX19564497,21-296,NICD,NC_045512_Hu-1.fasta
SRR23702847,2021-12-13,"South Africa: CENTRAL WASTEWATER TREATMENT WORKS, ETHEKWINI, Kwa-Zulu Natal",urban wastewater treatment facility,NA,0,raw wastewater,grab,SARS-CoV-2,yes,SARS-CoV-2: wastewater surveillance,SRR23702847,SRX19564498,21-297,NICD,NC_045512_Hu-1.fasta
SRR23703030,2021-12-13,"South Africa: Borcheds Quarry Wastewater, City of Cape Town MM, Western Cape",urban wastewater treatment facility,NA,0,raw wastewater,grab,SARS-CoV-2,yes,SARS-CoV-2: wastewater surveillance,SRR23703030,SRX19564626,21-645,NICD,NC_045512_Hu-1.fasta
SRR23702852,2021-12-07,"South Africa: Bloemspruit Wastewater, MANGAUNG, Free State",urban wastewater treatment facility,NA,0,raw wastewater,grab,SARS-CoV-2,yes,SARS-CoV-2: wastewater surveillance,SRR23702852,SRX19564493,21-292,NICD,NC_045512_Hu-1.fasta
SRR23703032,2021-12-07,"South Africa: Daspoort Wastewater, Tshwane , Gauteng",urban wastewater treatment facility,NA,0,raw wastewater,grab,SARS-CoV-2,yes,SARS-CoV-2: wastewater surveillance,SRR23703032,SRX19564680,21-618,NICD,NC_045512_Hu-1.fasta
SRR23702853,2021-12-07,"South Africa: Sterkwater Wastewater, MANGAUNG, Free State",urban wastewater treatment facility,NA,0,raw wastewater,grab,SARS-CoV-2,yes,SARS-CoV-2: wastewater surveillance,SRR23702853,SRX19564492,21-291,NICD,NC_045512_Hu-1.fasta
SRR23702854,2021-12-07,"South Africa: Northern Wastewater, ETHEKWINI, Kwa-Zulu Natal",urban wastewater treatment facility,NA,0,raw wastewater,grab,SARS-CoV-2,yes,SARS-CoV-2: wastewater surveillance,SRR23702854,SRX19564491,21-290,NICD,NC_045512_Hu-1.fasta
SRR23703031,2021-12-07,"South Africa: East Bank waterwaste, BUFFALO CITY MM, Eastern Cape",urban wastewater treatment facility,NA,0,raw wastewater,grab,SARS-CoV-2,yes,SARS-CoV-2: wastewater surveillance,SRR23703031,SRX19564625,21-635,NICD,NC_045512_Hu-1.fasta
SRR23702855,2021-12-07,"South Africa: CENTRAL WASTEWATER TREATMENT WORKS, ETHEKWINI, Kwa-Zulu Natal",urban wastewater treatment facility,NA,0,raw wastewater,grab,SARS-CoV-2,yes,SARS-CoV-2: wastewater surveillance,SRR23702855,SRX19564490,21-289,NICD,NC_045512_Hu-1.fasta
SRR23702978,2021-12-07,"South Africa: Northern Wastewater, Johannesburg, Gauteng",urban wastewater treatment facility,NA,0,raw wastewater,grab,SARS-CoV-2,yes,SARS-CoV-2: wastewater surveillance,SRR23702978,SRX19564678,21-616,NICD,NC_045512_Hu-1.fasta
SRR23702856,2021-12-07,"South Africa: Rooiwal Wastewater Treatment Works, Tshwane , Gauteng",urban wastewater treatment facility,NA,0,raw wastewater,grab,SARS-CoV-2,yes,SARS-CoV-2: wastewater surveillance,SRR23702856,SRX19564489,21-288,NICD,NC_045512_Hu-1.fasta
SRR23702977,2021-12-07,"South Africa: Hartebeesfontein Waterworks, Ekurhuleni, Gauteng",urban wastewater treatment facility,NA,0,raw wastewater,grab,SARS-CoV-2,yes,SARS-CoV-2: wastewater surveillance,SRR23702977,SRX19564679,21-617,NICD,NC_045512_Hu-1.fasta
SRR23702857,2021-12-06,"South Africa: GOUDKOPPIES WWTW, Johannesburg MM, Gauteng",urban wastewater treatment facility,NA,0,raw wastewater,grab,SARS-CoV-2,yes,SARS-CoV-2: wastewater surveillance,SRR23702857,SRX19564488,21-287,NICD,NC_045512_Hu-1.fasta
SRR23702858,2021-12-06,"South Africa: ERWAT VLAKPLAATS WWTW, Ekurhuleni, Gauteng",urban wastewater treatment facility,NA,0,raw wastewater,grab,SARS-CoV-2,yes,SARS-CoV-2: wastewater surveillance,SRR23702858,SRX19564487,21-286,NICD,NC_045512_Hu-1.fasta
SRR23702859,2021-11-30,"South Africa: Sterkwater Wastewater, MANGAUNG, Free State",urban wastewater treatment facility,NA,0,raw wastewater,grab,SARS-CoV-2,yes,SARS-CoV-2: wastewater surveillance,SRR23702859,SRX19564486,21-283,NICD,NC_045512_Hu-1.fasta
SRR23702860,2021-11-30,"South Africa: Mdantsane waterwaste, BUFFALO CITY MM, Eastern Cape",urban wastewater treatment facility,NA,0,raw wastewater,grab,SARS-CoV-2,yes,SARS-CoV-2: wastewater surveillance,SRR23702860,SRX19564485,21-281,NICD,NC_045512_Hu-1.fasta
SRR23702861,2021-11-30,"South Africa: Daspoort Wastewater, Tshwane , Gauteng",urban wastewater treatment facility,NA,0,raw wastewater,grab,SARS-CoV-2,yes,SARS-CoV-2: wastewater surveillance,SRR23702861,SRX19564484,21-279,NICD,NC_045512_Hu-1.fasta
SRR23702863,2021-11-30,"South Africa: Zandvleit Wastewater, City of Cape Town MM, Western Cape",urban wastewater treatment facility,NA,0,raw wastewater,grab,SARS-CoV-2,yes,SARS-CoV-2: wastewater surveillance,SRR23702863,SRX19564482,21-278,NICD,NC_045512_Hu-1.fasta
SRR23702865,2021-11-29,"South Africa: Northern Wastewater, ETHEKWINI, Kwa-Zulu Natal",urban wastewater treatment facility,NA,0,raw wastewater,grab,SARS-CoV-2,yes,SARS-CoV-2: wastewater surveillance,SRR23702865,SRX19564592,21-275,NICD,NC_045512_Hu-1.fasta
SRR23702754,2021-11-29,"South Africa: ERWAT VLAKPLAATS WWTW, Ekurhuleni, Gauteng",urban wastewater treatment facility,NA,0,raw wastewater,grab,SARS-CoV-2,yes,SARS-CoV-2: wastewater surveillance,SRR23702754,SRX19564591,21-273,NICD,NC_045512_Hu-1.fasta
SRR23702864,2021-11-29,"South Africa: CENTRAL WASTEWATER TREATMENT WORKS, ETHEKWINI, Kwa-Zulu Natal",urban wastewater treatment facility,NA,0,raw wastewater,grab,SARS-CoV-2,yes,SARS-CoV-2: wastewater surveillance,SRR23702864,SRX19564481,21-276,NICD,NC_045512_Hu-1.fasta
SRR23702758,2021-11-23,"South Africa: Zandvleit Wastewater, City of Cape Town MM, Western Cape",urban wastewater treatment facility,NA,0,raw wastewater,grab,SARS-CoV-2,yes,SARS-CoV-2: wastewater surveillance,SRR23702758,SRX19564587,21-267,NICD,NC_045512_Hu-1.fasta
SRR23702980,2021-11-23,"South Africa: Rooiwal Wastewater Treatment Works, Tshwane , Gauteng",urban wastewater treatment facility,NA,0,raw wastewater,grab,SARS-CoV-2,yes,SARS-CoV-2: wastewater surveillance,SRR23702980,SRX19564676,21-592,NICD,NC_045512_Hu-1.fasta
SRR23702759,2021-11-23,"South Africa: Daspoort Wastewater, Tshwane , Gauteng",urban wastewater treatment facility,NA,0,raw wastewater,grab,SARS-CoV-2,yes,SARS-CoV-2: wastewater surveillance,SRR23702759,SRX19564586,21-266,NICD,NC_045512_Hu-1.fasta
SRR23702755,2021-11-23,"South Africa: Mdantsane waterwaste, BUFFALO CITY MM, Eastern Cape",urban wastewater treatment facility,NA,0,raw wastewater,grab,SARS-CoV-2,yes,SARS-CoV-2: wastewater surveillance,SRR23702755,SRX19564590,21-272,NICD,NC_045512_Hu-1.fasta
SRR23702757,2021-11-23,"South Africa: Hartebeesfontein Waterworks, Ekurhuleni, Gauteng",urban wastewater treatment facility,NA,0,raw wastewater,grab,SARS-CoV-2,yes,SARS-CoV-2: wastewater surveillance,SRR23702757,SRX19564588,21-268,NICD,NC_045512_Hu-1.fasta
SRR23702756,2021-11-23,"South Africa: Bloemspruit Wastewater, MANGAUNG, Free State",urban wastewater treatment facility,NA,0,raw wastewater,grab,SARS-CoV-2,yes,SARS-CoV-2: wastewater surveillance,SRR23702756,SRX19564589,21-269,NICD,NC_045512_Hu-1.fasta
SRR23702981,2021-11-22,"South Africa: ERWAT VLAKPLAATS WWTW, Ekurhuleni, Gauteng",urban wastewater treatment facility,NA,0,raw wastewater,grab,SARS-CoV-2,yes,SARS-CoV-2: wastewater surveillance,SRR23702981,SRX19564675,21-584,NICD,NC_045512_Hu-1.fasta
SRR23702979,2021-11-22,"South Africa: Northern Wastewater, ETHEKWINI, Kwa-Zulu Natal",urban wastewater treatment facility,NA,0,raw wastewater,grab,SARS-CoV-2,yes,SARS-CoV-2: wastewater surveillance,SRR23702979,SRX19564677,21-594,NICD,NC_045512_Hu-1.fasta
SRR23702760,2021-11-16,"South Africa: Mdantsane waterwaste, BUFFALO CITY MM, Eastern Cape",urban wastewater treatment facility,NA,0,raw wastewater,grab,SARS-CoV-2,yes,SARS-CoV-2: wastewater surveillance,SRR23702760,SRX19564585,21-263,NICD,NC_045512_Hu-1.fasta
SRR23702767,2021-11-16,"South Africa: Daspoort Wastewater, Tshwane , Gauteng",urban wastewater treatment facility,NA,0,raw wastewater,grab,SARS-CoV-2,yes,SARS-CoV-2: wastewater surveillance,SRR23702767,SRX19564578,21-257,NICD,NC_045512_Hu-1.fasta
SRR23702766,2021-11-16,"South Africa: Rooiwal Wastewater Treatment Works, Tshwane , Gauteng",urban wastewater treatment facility,NA,0,raw wastewater,grab,SARS-CoV-2,yes,SARS-CoV-2: wastewater surveillance,SRR23702766,SRX19564579,21-258,NICD,NC_045512_Hu-1.fasta
SRR23702765,2021-11-16,"South Africa: Hartebeesfontein Waterworks, Ekurhuleni, Gauteng",urban wastewater treatment facility,NA,0,raw wastewater,grab,SARS-CoV-2,yes,SARS-CoV-2: wastewater surveillance,SRR23702765,SRX19564580,21-259,NICD,NC_045512_Hu-1.fasta
SRR23702983,2021-11-16,"South Africa: Bloemspruit Wastewater, MANGAUNG, Free State",urban wastewater treatment facility,NA,0,raw wastewater,grab,SARS-CoV-2,yes,SARS-CoV-2: wastewater surveillance,SRR23702983,SRX19564673,21-578,NICD,NC_045512_Hu-1.fasta
SRR23702982,2021-11-16,"South Africa: Sterkwater Wastewater, MANGAUNG, Free State",urban wastewater treatment facility,NA,0,raw wastewater,grab,SARS-CoV-2,yes,SARS-CoV-2: wastewater surveillance,SRR23702982,SRX19564674,21-579,NICD,NC_045512_Hu-1.fasta
SRR23702762,2021-11-15,"South Africa: CENTRAL WASTEWATER TREATMENT WORKS, ETHEKWINI, Kwa-Zulu Natal",urban wastewater treatment facility,NA,0,raw wastewater,grab,SARS-CoV-2,yes,SARS-CoV-2: wastewater surveillance,SRR23702762,SRX19564583,21-262,NICD,NC_045512_Hu-1.fasta
SRR23702769,2021-11-15,"South Africa: GOUDKOPPIES WWTW, Johannesburg MM, Gauteng",urban wastewater treatment facility,NA,0,raw wastewater,grab,SARS-CoV-2,yes,SARS-CoV-2: wastewater surveillance,SRR23702769,SRX19564576,21-255,NICD,NC_045512_Hu-1.fasta
SRR23702768,2021-11-15,"South Africa: ERWAT VLAKPLAATS WWTW, Ekurhuleni, Gauteng",urban wastewater treatment facility,NA,0,raw wastewater,grab,SARS-CoV-2,yes,SARS-CoV-2: wastewater surveillance,SRR23702768,SRX19564577,21-256,NICD,NC_045512_Hu-1.fasta
SRR23702764,2021-11-15,"South Africa: Zandvleit Wastewater, City of Cape Town MM, Western Cape",urban wastewater treatment facility,NA,0,raw wastewater,grab,SARS-CoV-2,yes,SARS-CoV-2: wastewater surveillance,SRR23702764,SRX19564581,21-260,NICD,NC_045512_Hu-1.fasta
SRR23702763,2021-11-15,"South Africa: Northern Wastewater, ETHEKWINI, Kwa-Zulu Natal",urban wastewater treatment facility,NA,0,raw wastewater,grab,SARS-CoV-2,yes,SARS-CoV-2: wastewater surveillance,SRR23702763,SRX19564582,21-261,NICD,NC_045512_Hu-1.fasta
SRR23702985,2021-11-09,"South Africa: Brickfield Pretreatment, NELSON MANDELA BAY METRO, Eastern Cape",urban wastewater treatment facility,NA,0,raw wastewater,grab,SARS-CoV-2,yes,SARS-CoV-2: wastewater surveillance,SRR23702985,SRX19564671,21-569,NICD,NC_045512_Hu-1.fasta
SRR23702986,2021-11-09,"South Africa: Kwanobuhle Waterwaste, NELSON MANDELA BAY METRO, Eastern Cape",urban wastewater treatment facility,NA,0,raw wastewater,grab,SARS-CoV-2,yes,SARS-CoV-2: wastewater surveillance,SRR23702986,SRX19564670,21-568,NICD,NC_045512_Hu-1.fasta
SRR23702987,2021-11-09,"South Africa: Mdantsane waterwaste, BUFFALO CITY MM, Eastern Cape",urban wastewater treatment facility,NA,0,raw wastewater,grab,SARS-CoV-2,yes,SARS-CoV-2: wastewater surveillance,SRR23702987,SRX19564669,21-567,NICD,NC_045512_Hu-1.fasta
SRR23702775,2021-11-09,"South Africa: CENTRAL WASTEWATER TREATMENT WORKS, ETHEKWINI, Kwa-Zulu Natal",urban wastewater treatment facility,NA,0,raw wastewater,grab,SARS-CoV-2,yes,SARS-CoV-2: wastewater surveillance,SRR23702775,SRX19564570,21-249,NICD,NC_045512_Hu-1.fasta
SRR23702774,2021-11-09,"South Africa: Rooiwal Wastewater Treatment Works, Tshwane , Gauteng",urban wastewater treatment facility,NA,0,raw wastewater,grab,SARS-CoV-2,yes,SARS-CoV-2: wastewater surveillance,SRR23702774,SRX19564571,21-250,NICD,NC_045512_Hu-1.fasta
SRR23702773,2021-11-09,"South Africa: Daspoort Wastewater, Tshwane , Gauteng",urban wastewater treatment facility,NA,0,raw wastewater,grab,SARS-CoV-2,yes,SARS-CoV-2: wastewater surveillance,SRR23702773,SRX19564572,21-251,NICD,NC_045512_Hu-1.fasta
SRR23702771,2021-11-09,"South Africa: Sterkwater Wastewater, MANGAUNG, Free State",urban wastewater treatment facility,NA,0,raw wastewater,grab,SARS-CoV-2,yes,SARS-CoV-2: wastewater surveillance,SRR23702771,SRX19564574,21-252,NICD,NC_045512_Hu-1.fasta
SRR23702770,2021-11-09,"South Africa: Bloemspruit Wastewater, MANGAUNG, Free State",urban wastewater treatment facility,NA,0,raw wastewater,grab,SARS-CoV-2,yes,SARS-CoV-2: wastewater surveillance,SRR23702770,SRX19564575,21-253,NICD,NC_045512_Hu-1.fasta
SRR23702810,2021-11-09,"South Africa: Hartebeesfontein Waterworks, Ekurhuleni, Gauteng",urban wastewater treatment facility,NA,0,raw wastewater,grab,SARS-CoV-2,yes,SARS-CoV-2: wastewater surveillance,SRR23702810,SRX19564535,21-238,NICD,NC_045512_Hu-1.fasta
SRR23702776,2021-11-08,"South Africa: Northern Wastewater, ETHEKWINI, Kwa-Zulu Natal",urban wastewater treatment facility,NA,0,raw wastewater,grab,SARS-CoV-2,yes,SARS-CoV-2: wastewater surveillance,SRR23702776,SRX19564569,21-248,NICD,NC_045512_Hu-1.fasta
SRR23702988,2021-11-08,"South Africa: Borcheds Quarry Wastewater, City of Cape Town MM, Western Cape",urban wastewater treatment facility,NA,0,raw wastewater,grab,SARS-CoV-2,yes,SARS-CoV-2: wastewater surveillance,SRR23702988,SRX19564668,21-560,NICD,NC_045512_Hu-1.fasta
SRR23702777,2021-11-08,"South Africa: GOUDKOPPIES WWTW, Johannesburg MM, Gauteng",urban wastewater treatment facility,NA,0,raw wastewater,grab,SARS-CoV-2,yes,SARS-CoV-2: wastewater surveillance,SRR23702777,SRX19564568,21-247,NICD,NC_045512_Hu-1.fasta
SRR23702780,2021-11-02,"South Africa: Bloemspruit Wastewater, MANGAUNG, Free State",urban wastewater treatment facility,NA,0,raw wastewater,grab,SARS-CoV-2,yes,SARS-CoV-2: wastewater surveillance,SRR23702780,SRX19564565,21-243,NICD,NC_045512_Hu-1.fasta
SRR23702813,2021-11-02,"South Africa: Rooiwal Wastewater Treatment Works, Tshwane , Gauteng",urban wastewater treatment facility,NA,0,raw wastewater,grab,SARS-CoV-2,yes,SARS-CoV-2: wastewater surveillance,SRR23702813,SRX19564532,21-237,NICD,NC_045512_Hu-1.fasta
SRR23702778,2021-11-02,"South Africa: CENTRAL WASTEWATER TREATMENT WORKS, ETHEKWINI, Kwa-Zulu Natal",urban wastewater treatment facility,NA,0,raw wastewater,grab,SARS-CoV-2,yes,SARS-CoV-2: wastewater surveillance,SRR23702778,SRX19564567,21-245,NICD,NC_045512_Hu-1.fasta
SRR23702781,2021-11-02,"South Africa: Mdantsane waterwaste, BUFFALO CITY MM, Eastern Cape",urban wastewater treatment facility,NA,0,raw wastewater,grab,SARS-CoV-2,yes,SARS-CoV-2: wastewater surveillance,SRR23702781,SRX19564536,21-241,NICD,NC_045512_Hu-1.fasta
SRR23702779,2021-11-02,"South Africa: Northern Wastewater, ETHEKWINI, Kwa-Zulu Natal",urban wastewater treatment facility,NA,0,raw wastewater,grab,SARS-CoV-2,yes,SARS-CoV-2: wastewater surveillance,SRR23702779,SRX19564566,21-244,NICD,NC_045512_Hu-1.fasta
SRR23702814,2021-11-02,"South Africa: GOUDKOPPIES WWTW, Johannesburg MM, Gauteng",urban wastewater treatment facility,NA,0,raw wastewater,grab,SARS-CoV-2,yes,SARS-CoV-2: wastewater surveillance,SRR23702814,SRX19564531,21-236,NICD,NC_045512_Hu-1.fasta
SRR23702815,2021-11-02,"South Africa: ERWAT VLAKPLAATS WWTW, Ekurhuleni, Gauteng",urban wastewater treatment facility,NA,0,raw wastewater,grab,SARS-CoV-2,yes,SARS-CoV-2: wastewater surveillance,SRR23702815,SRX19564530,21-235,NICD,NC_045512_Hu-1.fasta
SRR23702989,2021-11-02,"South Africa: Daspoort Wastewater, Tshwane , Gauteng",urban wastewater treatment facility,NA,0,raw wastewater,grab,SARS-CoV-2,yes,SARS-CoV-2: wastewater surveillance,SRR23702989,SRX19564667,21-554,NICD,NC_045512_Hu-1.fasta
SRR23702992,2021-10-26,"South Africa: Rooiwal Wastewater Treatment Works, Tshwane , Gauteng",urban wastewater treatment facility,NA,0,raw wastewater,grab,SARS-CoV-2,yes,SARS-CoV-2: wastewater surveillance,SRR23702992,SRX19564664,21-536,NICD,NC_045512_Hu-1.fasta
SRR23702990,2021-10-25,"South Africa: CENTRAL WASTEWATER TREATMENT WORKS, ETHEKWINI, Kwa-Zulu Natal",urban wastewater treatment facility,NA,0,raw wastewater,grab,SARS-CoV-2,yes,SARS-CoV-2: wastewater surveillance,SRR23702990,SRX19564666,21-538,NICD,NC_045512_Hu-1.fasta
SRR23702991,2021-10-25,"South Africa: Northern Wastewater, ETHEKWINI, Kwa-Zulu Natal",urban wastewater treatment facility,NA,0,raw wastewater,grab,SARS-CoV-2,yes,SARS-CoV-2: wastewater surveillance,SRR23702991,SRX19564665,21-537,NICD,NC_045512_Hu-1.fasta
SRR23702993,2021-10-25,"South Africa: GOUDKOPPIES WWTW, Johannesburg MM, Gauteng",urban wastewater treatment facility,NA,0,raw wastewater,grab,SARS-CoV-2,yes,SARS-CoV-2: wastewater surveillance,SRR23702993,SRX19564663,21-535,NICD,NC_045512_Hu-1.fasta
SRR23702822,2021-10-19,"South Africa: Daspoort Wastewater, Tshwane , Gauteng",urban wastewater treatment facility,NA,0,raw wastewater,grab,SARS-CoV-2,yes,SARS-CoV-2: wastewater surveillance,SRR23702822,SRX19564523,21-219,NICD,NC_045512_Hu-1.fasta
SRR23702994,2021-10-19,"South Africa: Bloemspruit Wastewater, MANGAUNG, Free State",urban wastewater treatment facility,NA,0,raw wastewater,grab,SARS-CoV-2,yes,SARS-CoV-2: wastewater surveillance,SRR23702994,SRX19564662,21-529,NICD,NC_045512_Hu-1.fasta
SRR23702996,2021-10-19,"South Africa: Sterkwater Wastewater, MANGAUNG, Free State",urban wastewater treatment facility,NA,0,raw wastewater,grab,SARS-CoV-2,yes,SARS-CoV-2: wastewater surveillance,SRR23702996,SRX19564660,21-528,NICD,NC_045512_Hu-1.fasta
SRR23702820,2021-10-19,"South Africa: Hartebeesfontein Waterworks, Ekurhuleni, Gauteng",urban wastewater treatment facility,NA,0,raw wastewater,grab,SARS-CoV-2,yes,SARS-CoV-2: wastewater surveillance,SRR23702820,SRX19564525,21-221,NICD,NC_045512_Hu-1.fasta
SRR23702821,2021-10-19,"South Africa: Rooiwal Wastewater Treatment Works, Tshwane , Gauteng",urban wastewater treatment facility,NA,0,raw wastewater,grab,SARS-CoV-2,yes,SARS-CoV-2: wastewater surveillance,SRR23702821,SRX19564524,21-220,NICD,NC_045512_Hu-1.fasta
SRR23702997,2021-10-18,"South Africa: Zandvleit Wastewater, City of Cape Town MM, Western Cape",urban wastewater treatment facility,NA,0,raw wastewater,grab,SARS-CoV-2,yes,SARS-CoV-2: wastewater surveillance,SRR23702997,SRX19564659,21-500,NICD,NC_045512_Hu-1.fasta
SRR23702818,2021-10-18,"South Africa: Northern Wastewater, ETHEKWINI, Kwa-Zulu Natal",urban wastewater treatment facility,NA,0,raw wastewater,grab,SARS-CoV-2,yes,SARS-CoV-2: wastewater surveillance,SRR23702818,SRX19564527,21-223,NICD,NC_045512_Hu-1.fasta
SRR23702824,2021-10-18,"South Africa: GOUDKOPPIES WWTW, Johannesburg MM, Gauteng",urban wastewater treatment facility,NA,0,raw wastewater,grab,SARS-CoV-2,yes,SARS-CoV-2: wastewater surveillance,SRR23702824,SRX19564521,21-218,NICD,NC_045512_Hu-1.fasta
SRR23702816,2021-10-18,"South Africa: Mdantsane waterwaste, BUFFALO CITY MM, Eastern Cape",urban wastewater treatment facility,NA,0,raw wastewater,grab,SARS-CoV-2,yes,SARS-CoV-2: wastewater surveillance,SRR23702816,SRX19564529,21-225,NICD,NC_045512_Hu-1.fasta
SRR23702817,2021-10-18,"South Africa: CENTRAL WASTEWATER TREATMENT WORKS, ETHEKWINI, Kwa-Zulu Natal",urban wastewater treatment facility,NA,0,raw wastewater,grab,SARS-CoV-2,yes,SARS-CoV-2: wastewater surveillance,SRR23702817,SRX19564528,21-224,NICD,NC_045512_Hu-1.fasta
SRR23703000,2021-10-12,"South Africa: East Bank waterwaste, BUFFALO CITY MM, Eastern Cape",urban wastewater treatment facility,NA,0,raw wastewater,grab,SARS-CoV-2,yes,SARS-CoV-2: wastewater surveillance,SRR23703000,SRX19564656,21-495,NICD,NC_045512_Hu-1.fasta
SRR23702999,2021-10-12,"South Africa: Kwanobuhle Waterwaste, NELSON MANDELA BAY METRO, Eastern Cape",urban wastewater treatment facility,NA,0,raw wastewater,grab,SARS-CoV-2,yes,SARS-CoV-2: wastewater surveillance,SRR23702999,SRX19564657,21-497,NICD,NC_045512_Hu-1.fasta
SRR23702998,2021-10-12,"South Africa: Brickfield Pretreatment, NELSON MANDELA BAY METRO, Eastern Cape",urban wastewater treatment facility,NA,0,raw wastewater,grab,SARS-CoV-2,yes,SARS-CoV-2: wastewater surveillance,SRR23702998,SRX19564658,21-498,NICD,NC_045512_Hu-1.fasta
SRR23702828,2021-10-12,"South Africa: Daspoort Wastewater, Tshwane , Gauteng",urban wastewater treatment facility,NA,0,raw wastewater,grab,SARS-CoV-2,yes,SARS-CoV-2: wastewater surveillance,SRR23702828,SRX19564517,21-210,NICD,NC_045512_Hu-1.fasta
SRR23702827,2021-10-12,"South Africa: Rooiwal Wastewater Treatment Works, Tshwane , Gauteng",urban wastewater treatment facility,NA,0,raw wastewater,grab,SARS-CoV-2,yes,SARS-CoV-2: wastewater surveillance,SRR23702827,SRX19564518,21-211,NICD,NC_045512_Hu-1.fasta
SRR23702826,2021-10-12,"South Africa: Bloemspruit Wastewater, MANGAUNG, Free State",urban wastewater treatment facility,NA,0,raw wastewater,grab,SARS-CoV-2,yes,SARS-CoV-2: wastewater surveillance,SRR23702826,SRX19564519,21-212,NICD,NC_045512_Hu-1.fasta
SRR23702825,2021-10-12,"South Africa: Sterkwater Wastewater, MANGAUNG, Free State",urban wastewater treatment facility,NA,0,raw wastewater,grab,SARS-CoV-2,yes,SARS-CoV-2: wastewater surveillance,SRR23702825,SRX19564520,21-213,NICD,NC_045512_Hu-1.fasta
SRR23702831,2021-10-12,"South Africa: Hartebeesfontein Waterworks, Ekurhuleni, Gauteng",urban wastewater treatment facility,NA,0,raw wastewater,grab,SARS-CoV-2,yes,SARS-CoV-2: wastewater surveillance,SRR23702831,SRX19564514,21-207,NICD,NC_045512_Hu-1.fasta
SRR23702832,2021-10-11,"South Africa: GOUDKOPPIES WWTW, Johannesburg MM, Gauteng",urban wastewater treatment facility,NA,0,raw wastewater,grab,SARS-CoV-2,yes,SARS-CoV-2: wastewater surveillance,SRR23702832,SRX19564513,21-206,NICD,NC_045512_Hu-1.fasta
SRR23702830,2021-10-11,"South Africa: CENTRAL WASTEWATER TREATMENT WORKS, ETHEKWINI, Kwa-Zulu Natal",urban wastewater treatment facility,NA,0,raw wastewater,grab,SARS-CoV-2,yes,SARS-CoV-2: wastewater surveillance,SRR23702830,SRX19564515,21-208,NICD,NC_045512_Hu-1.fasta
SRR23702829,2021-10-11,"South Africa: Northern Wastewater, ETHEKWINI, Kwa-Zulu Natal",urban wastewater treatment facility,NA,0,raw wastewater,grab,SARS-CoV-2,yes,SARS-CoV-2: wastewater surveillance,SRR23702829,SRX19564516,21-209,NICD,NC_045512_Hu-1.fasta
SRR23702819,2021-10-11,"South Africa: Zandvleit Wastewater, City of Cape Town MM, Western Cape",urban wastewater treatment facility,NA,0,raw wastewater,grab,SARS-CoV-2,yes,SARS-CoV-2: wastewater surveillance,SRR23702819,SRX19564526,21-222,NICD,NC_045512_Hu-1.fasta
SRR23702868,2021-10-05,"South Africa: Rooiwal Wastewater Treatment Works, Tshwane , Gauteng",urban wastewater treatment facility,NA,0,raw wastewater,grab,SARS-CoV-2,yes,SARS-CoV-2: wastewater surveillance,SRR23702868,SRX19564477,21-198,NICD,NC_045512_Hu-1.fasta
SRR23703001,2021-10-05,"South Africa: Northern Wastewater, Johannesburg, Gauteng",urban wastewater treatment facility,NA,0,raw wastewater,grab,SARS-CoV-2,yes,SARS-CoV-2: wastewater surveillance,SRR23703001,SRX19564655,21-484,NICD,NC_045512_Hu-1.fasta
SRR23702866,2021-10-05,"South Africa: Northern Wastewater, ETHEKWINI, Kwa-Zulu Natal",urban wastewater treatment facility,NA,0,raw wastewater,grab,SARS-CoV-2,yes,SARS-CoV-2: wastewater surveillance,SRR23702866,SRX19564479,21-200,NICD,NC_045512_Hu-1.fasta
SRR23702867,2021-10-05,"South Africa: CENTRAL WASTEWATER TREATMENT WORKS, ETHEKWINI, Kwa-Zulu Natal",urban wastewater treatment facility,NA,0,raw wastewater,grab,SARS-CoV-2,yes,SARS-CoV-2: wastewater surveillance,SRR23702867,SRX19564478,21-199,NICD,NC_045512_Hu-1.fasta
SRR23702833,2021-10-05,"South Africa: Bloemspruit Wastewater, MANGAUNG, Free State",urban wastewater treatment facility,NA,0,raw wastewater,grab,SARS-CoV-2,yes,SARS-CoV-2: wastewater surveillance,SRR23702833,SRX19564512,21-204,NICD,NC_045512_Hu-1.fasta
SRR23703002,2021-10-05,"South Africa: Daspoort Wastewater, Tshwane , Gauteng",urban wastewater treatment facility,NA,0,raw wastewater,grab,SARS-CoV-2,yes,SARS-CoV-2: wastewater surveillance,SRR23703002,SRX19564654,21-483,NICD,NC_045512_Hu-1.fasta
SRR23703003,2021-10-05,"South Africa: Hartebeesfontein Waterworks, Ekurhuleni, Gauteng",urban wastewater treatment facility,NA,0,raw wastewater,grab,SARS-CoV-2,yes,SARS-CoV-2: wastewater surveillance,SRR23703003,SRX19564653,21-482,NICD,NC_045512_Hu-1.fasta
SRR23702837,2021-10-05,"South Africa: Mdantsane waterwaste, BUFFALO CITY MM, Eastern Cape",urban wastewater treatment facility,NA,0,raw wastewater,grab,SARS-CoV-2,yes,SARS-CoV-2: wastewater surveillance,SRR23702837,SRX19564480,21-201,NICD,NC_045512_Hu-1.fasta
SRR23702836,2021-10-05,"South Africa: East Bank waterwaste, BUFFALO CITY MM, Eastern Cape",urban wastewater treatment facility,NA,0,raw wastewater,grab,SARS-CoV-2,yes,SARS-CoV-2: wastewater surveillance,SRR23702836,SRX19564509,21-202,NICD,NC_045512_Hu-1.fasta
SRR23702835,2021-10-05,"South Africa: Sterkwater Wastewater, MANGAUNG, Free State",urban wastewater treatment facility,NA,0,raw wastewater,grab,SARS-CoV-2,yes,SARS-CoV-2: wastewater surveillance,SRR23702835,SRX19564510,21-203,NICD,NC_045512_Hu-1.fasta
SRR23702869,2021-10-04,"South Africa: Zandvleit Wastewater, City of Cape Town MM, Western Cape",urban wastewater treatment facility,NA,0,raw wastewater,grab,SARS-CoV-2,yes,SARS-CoV-2: wastewater surveillance,SRR23702869,SRX19564476,21-197,NICD,NC_045512_Hu-1.fasta
SRR23702976,2021-09-28,"South Africa: Rooiwal Wastewater Treatment Works, Tshwane , Gauteng",urban wastewater treatment facility,NA,0,raw wastewater,grab,SARS-CoV-2,yes,SARS-CoV-2: wastewater surveillance,SRR23702976,SRX19564652,21-467,NICD,NC_045512_Hu-1.fasta
SRR23702871,2021-09-28,"South Africa: Hartebeesfontein Waterworks, Ekurhuleni, Gauteng",urban wastewater treatment facility,NA,0,raw wastewater,grab,SARS-CoV-2,yes,SARS-CoV-2: wastewater surveillance,SRR23702871,SRX19564474,21-189,NICD,NC_045512_Hu-1.fasta
SRR23702870,2021-09-28,"South Africa: Daspoort Wastewater, Tshwane , Gauteng",urban wastewater treatment facility,NA,0,raw wastewater,grab,SARS-CoV-2,yes,SARS-CoV-2: wastewater surveillance,SRR23702870,SRX19564475,21-190,NICD,NC_045512_Hu-1.fasta
SRR23703004,2021-09-27,"South Africa: CENTRAL WASTEWATER TREATMENT WORKS, ETHEKWINI, Kwa-Zulu Natal",urban wastewater treatment facility,NA,0,raw wastewater,grab,SARS-CoV-2,yes,SARS-CoV-2: wastewater surveillance,SRR23703004,SRX19564624,21-469,NICD,NC_045512_Hu-1.fasta
SRR23703033,2021-09-27,"South Africa: Northern Wastewater, ETHEKWINI, Kwa-Zulu Natal",urban wastewater treatment facility,NA,0,raw wastewater,grab,SARS-CoV-2,yes,SARS-CoV-2: wastewater surveillance,SRR23703033,SRX19564623,21-468,NICD,NC_045512_Hu-1.fasta
SRR23703006,2021-09-21,"South Africa: Sterkwater Wastewater, MANGAUNG, Free State",urban wastewater treatment facility,NA,0,raw wastewater,grab,SARS-CoV-2,yes,SARS-CoV-2: wastewater surveillance,SRR23703006,SRX19564650,21-437,NICD,NC_045512_Hu-1.fasta
SRR23703005,2021-09-21,"South Africa: Bloemspruit Wastewater, MANGAUNG, Free State",urban wastewater treatment facility,NA,0,raw wastewater,grab,SARS-CoV-2,yes,SARS-CoV-2: wastewater surveillance,SRR23703005,SRX19564651,21-438,NICD,NC_045512_Hu-1.fasta
SRR23702872,2021-09-20,"South Africa: Zandvleit Wastewater, City of Cape Town MM, Western Cape",urban wastewater treatment facility,NA,0,raw wastewater,grab,SARS-CoV-2,yes,SARS-CoV-2: wastewater surveillance,SRR23702872,SRX19564473,21-184,NICD,NC_045512_Hu-1.fasta
SRR23703007,2021-09-07,"South Africa: Hartebeesfontein Waterworks, Ekurhuleni, Gauteng",urban wastewater treatment facility,NA,0,raw wastewater,grab,SARS-CoV-2,yes,SARS-CoV-2: wastewater surveillance,SRR23703007,SRX19564649,21-390,NICD,NC_045512_Hu-1.fasta
SRR23702882,2021-08-31,"South Africa: Daspoort Wastewater, Tshwane , Gauteng",urban wastewater treatment facility,NA,0,raw wastewater,grab,SARS-CoV-2,yes,SARS-CoV-2: wastewater surveillance,SRR23702882,SRX19564463,21-145,NICD,NC_045512_Hu-1.fasta
SRR23702881,2021-08-31,"South Africa: Zandvleit Wastewater, City of Cape Town MM, Western Cape",urban wastewater treatment facility,NA,0,raw wastewater,grab,SARS-CoV-2,yes,SARS-CoV-2: wastewater surveillance,SRR23702881,SRX19564464,21-146,NICD,NC_045512_Hu-1.fasta
SRR23702880,2021-08-31,"South Africa: Rooiwal Wastewater Treatment Works, Tshwane , Gauteng",urban wastewater treatment facility,NA,0,raw wastewater,grab,SARS-CoV-2,yes,SARS-CoV-2: wastewater surveillance,SRR23702880,SRX19564465,21-147,NICD,NC_045512_Hu-1.fasta
SRR23702883,2021-08-31,"South Africa: Hartebeesfontein Waterworks, Ekurhuleni, Gauteng",urban wastewater treatment facility,NA,0,raw wastewater,grab,SARS-CoV-2,yes,SARS-CoV-2: wastewater surveillance,SRR23702883,SRX19564462,21-144,NICD,NC_045512_Hu-1.fasta
SRR23702875,2021-08-30,"South Africa: East Bank waterwaste, BUFFALO CITY MM, Eastern Cape",urban wastewater treatment facility,NA,0,raw wastewater,grab,SARS-CoV-2,yes,SARS-CoV-2: wastewater surveillance,SRR23702875,SRX19564470,21-152,NICD,NC_045512_Hu-1.fasta
SRR23702874,2021-08-30,"South Africa: Mdantsane waterwaste, BUFFALO CITY MM, Eastern Cape",urban wastewater treatment facility,NA,0,raw wastewater,grab,SARS-CoV-2,yes,SARS-CoV-2: wastewater surveillance,SRR23702874,SRX19564471,21-153,NICD,NC_045512_Hu-1.fasta
SRR23702876,2021-08-30,"South Africa: Sterkwater Wastewater, MANGAUNG, Free State",urban wastewater treatment facility,NA,0,raw wastewater,grab,SARS-CoV-2,yes,SARS-CoV-2: wastewater surveillance,SRR23702876,SRX19564469,21-151,NICD,NC_045512_Hu-1.fasta
SRR23702877,2021-08-30,"South Africa: Bloemspruit Wastewater, MANGAUNG, Free State",urban wastewater treatment facility,NA,0,raw wastewater,grab,SARS-CoV-2,yes,SARS-CoV-2: wastewater surveillance,SRR23702877,SRX19564468,21-150,NICD,NC_045512_Hu-1.fasta
SRR23702878,2021-08-30,"South Africa: Northern Wastewater, ETHEKWINI, Kwa-Zulu Natal",urban wastewater treatment facility,NA,0,raw wastewater,grab,SARS-CoV-2,yes,SARS-CoV-2: wastewater surveillance,SRR23702878,SRX19564467,21-149,NICD,NC_045512_Hu-1.fasta
SRR23702879,2021-08-30,"South Africa: CENTRAL WASTEWATER TREATMENT WORKS, ETHEKWINI, Kwa-Zulu Natal",urban wastewater treatment facility,NA,0,raw wastewater,grab,SARS-CoV-2,yes,SARS-CoV-2: wastewater surveillance,SRR23702879,SRX19564466,21-148,NICD,NC_045512_Hu-1.fasta
SRR23702885,2021-08-30,"South Africa: ERWAT VLAKPLAATS WWTW, Ekurhuleni, Gauteng",urban wastewater treatment facility,NA,0,raw wastewater,grab,SARS-CoV-2,yes,SARS-CoV-2: wastewater surveillance,SRR23702885,SRX19564460,21-142,NICD,NC_045512_Hu-1.fasta
SRR23703029,2021-08-24,"South Africa: Rooiwal Wastewater Treatment Works, Tshwane , Gauteng",urban wastewater treatment facility,NA,0,raw wastewater,grab,SARS-CoV-2,yes,SARS-CoV-2: wastewater surveillance,SRR23703029,SRX19564627,21-370,NICD,NC_045512_Hu-1.fasta
SRR23702886,2021-08-24,"South Africa: Mdantsane waterwaste, BUFFALO CITY MM, Eastern Cape",urban wastewater treatment facility,NA,0,raw wastewater,grab,SARS-CoV-2,yes,SARS-CoV-2: wastewater surveillance,SRR23702886,SRX19564459,21-140,NICD,NC_045512_Hu-1.fasta
SRR23702887,2021-08-24,"South Africa: Sterkwater Wastewater, MANGAUNG, Free State",urban wastewater treatment facility,NA,0,raw wastewater,grab,SARS-CoV-2,yes,SARS-CoV-2: wastewater surveillance,SRR23702887,SRX19564458,21-139,NICD,NC_045512_Hu-1.fasta
SRR23702888,2021-08-24,"South Africa: Bloemspruit Wastewater, MANGAUNG, Free State",urban wastewater treatment facility,NA,0,raw wastewater,grab,SARS-CoV-2,yes,SARS-CoV-2: wastewater surveillance,SRR23702888,SRX19564457,21-138,NICD,NC_045512_Hu-1.fasta
SRR23702889,2021-08-24,"South Africa: Daspoort Wastewater, Tshwane , Gauteng",urban wastewater treatment facility,NA,0,raw wastewater,grab,SARS-CoV-2,yes,SARS-CoV-2: wastewater surveillance,SRR23702889,SRX19564456,21-137,NICD,NC_045512_Hu-1.fasta
SRR23702891,2021-08-24,"South Africa: Hartebeesfontein Waterworks, Ekurhuleni, Gauteng",urban wastewater treatment facility,NA,0,raw wastewater,grab,SARS-CoV-2,yes,SARS-CoV-2: wastewater surveillance,SRR23702891,SRX19564454,21-135,NICD,NC_045512_Hu-1.fasta
SRR23702995,2021-08-23,"South Africa: ERWAT VLAKPLAATS WWTW, Ekurhuleni, Gauteng",urban wastewater treatment facility,NA,0,raw wastewater,grab,SARS-CoV-2,yes,SARS-CoV-2: wastewater surveillance,SRR23702995,SRX19564661,21-368,NICD,NC_045512_Hu-1.fasta
SRR23702984,2021-08-23,"South Africa: GOUDKOPPIES WWTW, Johannesburg MM, Gauteng",urban wastewater treatment facility,NA,0,raw wastewater,grab,SARS-CoV-2,yes,SARS-CoV-2: wastewater surveillance,SRR23702984,SRX19564672,21-369,NICD,NC_045512_Hu-1.fasta
SRR23703018,2021-08-23,"South Africa: CENTRAL WASTEWATER TREATMENT WORKS, ETHEKWINI, Kwa-Zulu Natal",urban wastewater treatment facility,NA,0,raw wastewater,grab,SARS-CoV-2,yes,SARS-CoV-2: wastewater surveillance,SRR23703018,SRX19564638,21-371,NICD,NC_045512_Hu-1.fasta
SRR23702890,2021-08-23,"South Africa: Zandvleit Wastewater, City of Cape Town MM, Western Cape",urban wastewater treatment facility,NA,0,raw wastewater,grab,SARS-CoV-2,yes,SARS-CoV-2: wastewater surveillance,SRR23702890,SRX19564455,21-136,NICD,NC_045512_Hu-1.fasta
SRR23703035,2021-08-18,"South Africa: Bloemspruit Wastewater, MANGAUNG, Free State",urban wastewater treatment facility,NA,0,raw wastewater,grab,SARS-CoV-2,yes,SARS-CoV-2: wastewater surveillance,SRR23703035,SRX19564621,21-362,NICD,NC_045512_Hu-1.fasta
SRR23703034,2021-08-17,"South Africa: Sterkwater Wastewater, MANGAUNG, Free State",urban wastewater treatment facility,NA,0,raw wastewater,grab,SARS-CoV-2,yes,SARS-CoV-2: wastewater surveillance,SRR23703034,SRX19564622,21-363,NICD,NC_045512_Hu-1.fasta
SRR23702947,2021-08-16,"South Africa: Zandvleit Wastewater, City of Cape Town MM, Western Cape",urban wastewater treatment facility,NA,0,raw wastewater,grab,SARS-CoV-2,yes,SARS-CoV-2: wastewater surveillance,SRR23702947,SRX19564399,21-129,NICD,NC_045512_Hu-1.fasta
SRR23702948,2021-08-16,"South Africa: CENTRAL WASTEWATER TREATMENT WORKS, ETHEKWINI, Kwa-Zulu Natal",urban wastewater treatment facility,NA,0,raw wastewater,grab,SARS-CoV-2,yes,SARS-CoV-2: wastewater surveillance,SRR23702948,SRX19564398,21-128,NICD,NC_045512_Hu-1.fasta
SRR23702949,2021-08-16,"South Africa: Northern Wastewater, ETHEKWINI, Kwa-Zulu Natal",urban wastewater treatment facility,NA,0,raw wastewater,grab,SARS-CoV-2,yes,SARS-CoV-2: wastewater surveillance,SRR23702949,SRX19564397,21-127,NICD,NC_045512_Hu-1.fasta
SRR23702950,2021-08-16,"South Africa: Hartebeesfontein Waterworks, Ekurhuleni, Gauteng",urban wastewater treatment facility,NA,0,raw wastewater,grab,SARS-CoV-2,yes,SARS-CoV-2: wastewater surveillance,SRR23702950,SRX19564396,21-126,NICD,NC_045512_Hu-1.fasta
SRR23702952,2021-08-16,"South Africa: GOUDKOPPIES WWTW, Johannesburg MM, Gauteng",urban wastewater treatment facility,NA,0,raw wastewater,grab,SARS-CoV-2,yes,SARS-CoV-2: wastewater surveillance,SRR23702952,SRX19564394,21-124,NICD,NC_045512_Hu-1.fasta
SRR23702945,2021-08-16,"South Africa: Rooiwal Wastewater Treatment Works, Tshwane , Gauteng",urban wastewater treatment facility,NA,0,raw wastewater,grab,SARS-CoV-2,yes,SARS-CoV-2: wastewater surveillance,SRR23702945,SRX19564401,21-130,NICD,NC_045512_Hu-1.fasta
SRR23702893,2021-08-16,"South Africa: East Bank waterwaste, BUFFALO CITY MM, Eastern Cape",urban wastewater treatment facility,NA,0,raw wastewater,grab,SARS-CoV-2,yes,SARS-CoV-2: wastewater surveillance,SRR23702893,SRX19564402,21-132,NICD,NC_045512_Hu-1.fasta
SRR23702951,2021-08-16,"South Africa: ERWAT VLAKPLAATS WWTW, Ekurhuleni, Gauteng",urban wastewater treatment facility,NA,0,raw wastewater,grab,SARS-CoV-2,yes,SARS-CoV-2: wastewater surveillance,SRR23702951,SRX19564395,21-125,NICD,NC_045512_Hu-1.fasta
SRR23702892,2021-08-16,"South Africa: Mdantsane waterwaste, BUFFALO CITY MM, Eastern Cape",urban wastewater treatment facility,NA,0,raw wastewater,grab,SARS-CoV-2,yes,SARS-CoV-2: wastewater surveillance,SRR23702892,SRX19564453,21-133,NICD,NC_045512_Hu-1.fasta
SRR23702960,2021-08-11,"South Africa: Rooiwal Wastewater Treatment Works, Tshwane , Gauteng",urban wastewater treatment facility,NA,0,raw wastewater,grab,SARS-CoV-2,yes,SARS-CoV-2: wastewater surveillance,SRR23702960,SRX19564386,21-114,NICD,NC_045512_Hu-1.fasta
SRR23702959,2021-08-11,"South Africa: Daspoort Wastewater, Tshwane , Gauteng",urban wastewater treatment facility,NA,0,raw wastewater,grab,SARS-CoV-2,yes,SARS-CoV-2: wastewater surveillance,SRR23702959,SRX19564387,21-115,NICD,NC_045512_Hu-1.fasta
SRR23702956,2021-08-11,"South Africa: Bloemspruit Wastewater, MANGAUNG, Free State",urban wastewater treatment facility,NA,0,raw wastewater,grab,SARS-CoV-2,yes,SARS-CoV-2: wastewater surveillance,SRR23702956,SRX19564390,21-117,NICD,NC_045512_Hu-1.fasta
SRR23702955,2021-08-11,"South Africa: CENTRAL WASTEWATER TREATMENT WORKS, ETHEKWINI, Kwa-Zulu Natal",urban wastewater treatment facility,NA,0,raw wastewater,grab,SARS-CoV-2,yes,SARS-CoV-2: wastewater surveillance,SRR23702955,SRX19564391,21-118,NICD,NC_045512_Hu-1.fasta
SRR23702954,2021-08-11,"South Africa: Northern Wastewater, ETHEKWINI, Kwa-Zulu Natal",urban wastewater treatment facility,NA,0,raw wastewater,grab,SARS-CoV-2,yes,SARS-CoV-2: wastewater surveillance,SRR23702954,SRX19564392,21-119,NICD,NC_045512_Hu-1.fasta
SRR23702958,2021-08-11,"South Africa: Sterkwater Wastewater, MANGAUNG, Free State",urban wastewater treatment facility,NA,0,raw wastewater,grab,SARS-CoV-2,yes,SARS-CoV-2: wastewater surveillance,SRR23702958,SRX19564388,21-116,NICD,NC_045512_Hu-1.fasta
SRR23702961,2021-08-10,"South Africa: Hartebeesfontein Waterworks, Ekurhuleni, Gauteng",urban wastewater treatment facility,NA,0,raw wastewater,grab,SARS-CoV-2,yes,SARS-CoV-2: wastewater surveillance,SRR23702961,SRX19564385,21-112,NICD,NC_045512_Hu-1.fasta
SRR23702962,2021-08-10,"South Africa: ERWAT VLAKPLAATS WWTW, Ekurhuleni, Gauteng",urban wastewater treatment facility,NA,0,raw wastewater,grab,SARS-CoV-2,yes,SARS-CoV-2: wastewater surveillance,SRR23702962,SRX19564384,21-111,NICD,NC_045512_Hu-1.fasta
SRR23702737,2021-08-10,"South Africa: Borcheds Quarry Wastewater, City of Cape Town MM, Western Cape",urban wastewater treatment facility,NA,0,raw wastewater,grab,SARS-CoV-2,yes,SARS-CoV-2: wastewater surveillance,SRR23702737,SRX19564608,21-0346,NICD,NC_045512_Hu-1.fasta
SRR23702738,2021-08-10,"South Africa: Zandvleit Wastewater, City of Cape Town MM, Western Cape",urban wastewater treatment facility,NA,0,raw wastewater,grab,SARS-CoV-2,yes,SARS-CoV-2: wastewater surveillance,SRR23702738,SRX19564607,21-0345,NICD,NC_045512_Hu-1.fasta
SRR23702953,2021-08-10,"South Africa: Daveyton, Ekurhuleni, Gauteng",urban wastewater treatment facility,NA,0,raw wastewater,grab,SARS-CoV-2,yes,SARS-CoV-2: wastewater surveillance,SRR23702953,SRX19564393,21-120,NICD,NC_045512_Hu-1.fasta
SRR23702739,2021-08-10,"South Africa: Brickfield Pretreatment, NELSON MANDELA BAY METRO, Eastern Cape",urban wastewater treatment facility,NA,0,raw wastewater,grab,SARS-CoV-2,yes,SARS-CoV-2: wastewater surveillance,SRR23702739,SRX19564606,21-0344,NICD,NC_045512_Hu-1.fasta
SRR23702740,2021-08-10,"South Africa: Kwanobuhle Waterwaste, NELSON MANDELA BAY METRO, Eastern Cape",urban wastewater treatment facility,NA,0,raw wastewater,grab,SARS-CoV-2,yes,SARS-CoV-2: wastewater surveillance,SRR23702740,SRX19564605,21-0343,NICD,NC_045512_Hu-1.fasta
SRR23702741,2021-08-10,"South Africa: Mdantsane waterwaste, BUFFALO CITY MM, Eastern Cape",urban wastewater treatment facility,NA,0,raw wastewater,grab,SARS-CoV-2,yes,SARS-CoV-2: wastewater surveillance,SRR23702741,SRX19564604,21-0342,NICD,NC_045512_Hu-1.fasta
SRR23702742,2021-08-10,"South Africa: East Bank waterwaste, BUFFALO CITY MM, Eastern Cape",urban wastewater treatment facility,NA,0,raw wastewater,grab,SARS-CoV-2,yes,SARS-CoV-2: wastewater surveillance,SRR23702742,SRX19564603,21-0341,NICD,NC_045512_Hu-1.fasta
SRR23702744,2021-08-03,"South Africa: Northern Wastewater, Johannesburg, Gauteng",urban wastewater treatment facility,NA,0,raw wastewater,grab,SARS-CoV-2,yes,SARS-CoV-2: wastewater surveillance,SRR23702744,SRX19564601,21-0334,NICD,NC_045512_Hu-1.fasta
SRR23702745,2021-08-03,"South Africa: Daspoort Wastewater, Tshwane , Gauteng",urban wastewater treatment facility,NA,0,raw wastewater,grab,SARS-CoV-2,yes,SARS-CoV-2: wastewater surveillance,SRR23702745,SRX19564600,21-0333,NICD,NC_045512_Hu-1.fasta
SRR23702747,2021-08-03,"South Africa: Hartebeesfontein Waterworks, Ekurhuleni, Gauteng",urban wastewater treatment facility,NA,0,raw wastewater,grab,SARS-CoV-2,yes,SARS-CoV-2: wastewater surveillance,SRR23702747,SRX19564598,21-0332,NICD,NC_045512_Hu-1.fasta
SRR23702963,2021-08-02,"South Africa: Sterkwater Wastewater, MANGAUNG, Free State",urban wastewater treatment facility,NA,0,raw wastewater,grab,SARS-CoV-2,yes,SARS-CoV-2: wastewater surveillance,SRR23702963,SRX19564383,21-110,NICD,NC_045512_Hu-1.fasta
SRR23702970,2021-08-02,"South Africa: Northern Wastewater, ETHEKWINI, Kwa-Zulu Natal",urban wastewater treatment facility,NA,0,raw wastewater,grab,SARS-CoV-2,yes,SARS-CoV-2: wastewater surveillance,SRR23702970,SRX19564376,21-104,NICD,NC_045512_Hu-1.fasta
SRR23702965,2021-08-02,"South Africa: East Bank waterwaste, BUFFALO CITY MM, Eastern Cape",urban wastewater treatment facility,NA,0,raw wastewater,grab,SARS-CoV-2,yes,SARS-CoV-2: wastewater surveillance,SRR23702965,SRX19564381,21-108,NICD,NC_045512_Hu-1.fasta
SRR23702966,2021-08-02,"South Africa: Mdantsane waterwaste, BUFFALO CITY MM, Eastern Cape",urban wastewater treatment facility,NA,0,raw wastewater,grab,SARS-CoV-2,yes,SARS-CoV-2: wastewater surveillance,SRR23702966,SRX19564380,21-107,NICD,NC_045512_Hu-1.fasta
SRR23702967,2021-08-02,"South Africa: Rooiwal Wastewater Treatment Works, Tshwane , Gauteng",urban wastewater treatment facility,NA,0,raw wastewater,grab,SARS-CoV-2,yes,SARS-CoV-2: wastewater surveillance,SRR23702967,SRX19564379,21-106,NICD,NC_045512_Hu-1.fasta
SRR23702972,2021-08-02,"South Africa: GOUDKOPPIES WWTW, Johannesburg MM, Gauteng",urban wastewater treatment facility,NA,0,raw wastewater,grab,SARS-CoV-2,yes,SARS-CoV-2: wastewater surveillance,SRR23702972,SRX19564452,21-101,NICD,NC_045512_Hu-1.fasta
SRR23702969,2021-08-02,"South Africa: Zandvleit Wastewater, City of Cape Town MM, Western Cape",urban wastewater treatment facility,NA,0,raw wastewater,grab,SARS-CoV-2,yes,SARS-CoV-2: wastewater surveillance,SRR23702969,SRX19564377,21-105,NICD,NC_045512_Hu-1.fasta
SRR23702964,2021-08-02,"South Africa: Bloemspruit Wastewater, MANGAUNG, Free State",urban wastewater treatment facility,NA,0,raw wastewater,grab,SARS-CoV-2,yes,SARS-CoV-2: wastewater surveillance,SRR23702964,SRX19564382,21-109,NICD,NC_045512_Hu-1.fasta
SRR23702971,2021-08-02,"South Africa: CENTRAL WASTEWATER TREATMENT WORKS, ETHEKWINI, Kwa-Zulu Natal",urban wastewater treatment facility,NA,0,raw wastewater,grab,SARS-CoV-2,yes,SARS-CoV-2: wastewater surveillance,SRR23702971,SRX19564375,21-103,NICD,NC_045512_Hu-1.fasta
SRR23702751,2021-07-30,"South Africa: GOUDKOPPIES WWTW, Johannesburg MM, Gauteng",urban wastewater treatment facility,NA,0,raw wastewater,grab,SARS-CoV-2,yes,SARS-CoV-2: wastewater surveillance,SRR23702751,SRX19564594,21-0297,NICD,NC_045512_Hu-1.fasta
SRR23702897,2021-07-27,"South Africa: Daspoort Wastewater, Tshwane , Gauteng",urban wastewater treatment facility,NA,0,raw wastewater,grab,SARS-CoV-2,yes,SARS-CoV-2: wastewater surveillance,SRR23702897,SRX19564448,21-096,NICD,NC_045512_Hu-1.fasta
SRR23702894,2021-07-27,"South Africa: Mdantsane waterwaste, BUFFALO CITY MM, Eastern Cape",urban wastewater treatment facility,NA,0,raw wastewater,grab,SARS-CoV-2,yes,SARS-CoV-2: wastewater surveillance,SRR23702894,SRX19564451,21-100,NICD,NC_045512_Hu-1.fasta
SRR23702782,2021-07-27,"South Africa: Rooiwal Wastewater Treatment Works, Tshwane , Gauteng",urban wastewater treatment facility,NA,0,raw wastewater,grab,SARS-CoV-2,yes,SARS-CoV-2: wastewater surveillance,SRR23702782,SRX19564563,21-0290,NICD,NC_045512_Hu-1.fasta
SRR23702896,2021-07-27,"South Africa: Bloemspruit Wastewater, MANGAUNG, Free State",urban wastewater treatment facility,NA,0,raw wastewater,grab,SARS-CoV-2,yes,SARS-CoV-2: wastewater surveillance,SRR23702896,SRX19564449,21-097,NICD,NC_045512_Hu-1.fasta
SRR23702895,2021-07-27,"South Africa: East Bank waterwaste, BUFFALO CITY MM, Eastern Cape",urban wastewater treatment facility,NA,0,raw wastewater,grab,SARS-CoV-2,yes,SARS-CoV-2: wastewater surveillance,SRR23702895,SRX19564450,21-099,NICD,NC_045512_Hu-1.fasta
SRR23702899,2021-07-27,"South Africa: Hartebeesfontein Waterworks, Ekurhuleni, Gauteng",urban wastewater treatment facility,NA,0,raw wastewater,grab,SARS-CoV-2,yes,SARS-CoV-2: wastewater surveillance,SRR23702899,SRX19564446,21-094,NICD,NC_045512_Hu-1.fasta
SRR23702784,2021-07-26,"South Africa: ERWAT VLAKPLAATS WWTW, Ekurhuleni, Gauteng",urban wastewater treatment facility,NA,0,raw wastewater,grab,SARS-CoV-2,yes,SARS-CoV-2: wastewater surveillance,SRR23702784,SRX19564561,21-0289,NICD,NC_045512_Hu-1.fasta
SRR23702753,2021-07-26,"South Africa: CENTRAL WASTEWATER TREATMENT WORKS, ETHEKWINI, Kwa-Zulu Natal",urban wastewater treatment facility,NA,0,raw wastewater,grab,SARS-CoV-2,yes,SARS-CoV-2: wastewater surveillance,SRR23702753,SRX19564564,21-0291,NICD,NC_045512_Hu-1.fasta
SRR23702752,2021-07-26,"South Africa: Northern Wastewater, ETHEKWINI, Kwa-Zulu Natal",urban wastewater treatment facility,NA,0,raw wastewater,grab,SARS-CoV-2,yes,SARS-CoV-2: wastewater surveillance,SRR23702752,SRX19564593,21-0292,NICD,NC_045512_Hu-1.fasta
SRR23702898,2021-07-26,"South Africa: Zandvleit Wastewater, City of Cape Town MM, Western Cape",urban wastewater treatment facility,NA,0,raw wastewater,grab,SARS-CoV-2,yes,SARS-CoV-2: wastewater surveillance,SRR23702898,SRX19564447,21-095,NICD,NC_045512_Hu-1.fasta
SRR23702786,2021-07-21,"South Africa: Bloemspruit Wastewater, MANGAUNG, Free State",urban wastewater treatment facility,NA,0,raw wastewater,grab,SARS-CoV-2,yes,SARS-CoV-2: wastewater surveillance,SRR23702786,SRX19564559,21-0282,NICD,NC_045512_Hu-1.fasta
SRR23702787,2021-07-21,"South Africa: Sterkwater Wastewater, MANGAUNG, Free State",urban wastewater treatment facility,NA,0,raw wastewater,grab,SARS-CoV-2,yes,SARS-CoV-2: wastewater surveillance,SRR23702787,SRX19564558,21-0281,NICD,NC_045512_Hu-1.fasta
SRR23702788,2021-07-20,"South Africa: Borcheds Quarry Wastewater, City of Cape Town MM, Western Cape",urban wastewater treatment facility,NA,0,raw wastewater,grab,SARS-CoV-2,yes,SARS-CoV-2: wastewater surveillance,SRR23702788,SRX19564557,21-0280,NICD,NC_045512_Hu-1.fasta
SRR23702901,2021-07-20,"South Africa: Daveyton, Ekurhuleni, Gauteng",urban wastewater treatment facility,NA,0,raw wastewater,grab,SARS-CoV-2,yes,SARS-CoV-2: wastewater surveillance,SRR23702901,SRX19564444,21-092,NICD,NC_045512_Hu-1.fasta
SRR23702902,2021-07-20,"South Africa: East Bank waterwaste, BUFFALO CITY MM, Eastern Cape",urban wastewater treatment facility,NA,0,raw wastewater,grab,SARS-CoV-2,yes,SARS-CoV-2: wastewater surveillance,SRR23702902,SRX19564443,21-091,NICD,NC_045512_Hu-1.fasta
SRR23702903,2021-07-20,"South Africa: Daspoort Wastewater, Tshwane , Gauteng",urban wastewater treatment facility,NA,0,raw wastewater,grab,SARS-CoV-2,yes,SARS-CoV-2: wastewater surveillance,SRR23702903,SRX19564442,21-089,NICD,NC_045512_Hu-1.fasta
SRR23702904,2021-07-20,"South Africa: Rooiwal Wastewater Treatment Works, Tshwane , Gauteng",urban wastewater treatment facility,NA,0,raw wastewater,grab,SARS-CoV-2,yes,SARS-CoV-2: wastewater surveillance,SRR23702904,SRX19564441,21-088,NICD,NC_045512_Hu-1.fasta
SRR23702907,2021-07-20,"South Africa: Hartebeesfontein Waterworks, Ekurhuleni, Gauteng",urban wastewater treatment facility,NA,0,raw wastewater,grab,SARS-CoV-2,yes,SARS-CoV-2: wastewater surveillance,SRR23702907,SRX19564438,21-084,NICD,NC_045512_Hu-1.fasta
SRR23702909,2021-07-19,"South Africa: ERWAT VLAKPLAATS WWTW, Ekurhuleni, Gauteng",urban wastewater treatment facility,NA,0,raw wastewater,grab,SARS-CoV-2,yes,SARS-CoV-2: wastewater surveillance,SRR23702909,SRX19564436,21-082,NICD,NC_045512_Hu-1.fasta
SRR23702908,2021-07-19,"South Africa: GOUDKOPPIES WWTW, Johannesburg MM, Gauteng",urban wastewater treatment facility,NA,0,raw wastewater,grab,SARS-CoV-2,yes,SARS-CoV-2: wastewater surveillance,SRR23702908,SRX19564437,21-083,NICD,NC_045512_Hu-1.fasta
SRR23702905,2021-07-19,"South Africa: Zandvleit Wastewater, City of Cape Town MM, Western Cape",urban wastewater treatment facility,NA,0,raw wastewater,grab,SARS-CoV-2,yes,SARS-CoV-2: wastewater surveillance,SRR23702905,SRX19564440,21-087,NICD,NC_045512_Hu-1.fasta
SRR23702906,2021-07-18,"South Africa: Northern Wastewater, ETHEKWINI, Kwa-Zulu Natal",urban wastewater treatment facility,NA,0,raw wastewater,grab,SARS-CoV-2,yes,SARS-CoV-2: wastewater surveillance,SRR23702906,SRX19564439,21-086,NICD,NC_045512_Hu-1.fasta
SRR23702914,2021-07-13,"South Africa: Daspoort Wastewater, Tshwane , Gauteng",urban wastewater treatment facility,NA,0,raw wastewater,grab,SARS-CoV-2,yes,SARS-CoV-2: wastewater surveillance,SRR23702914,SRX19564431,21-078,NICD,NC_045512_Hu-1.fasta
SRR23702790,2021-07-13,"South Africa: Kwanobuhle Waterwaste, NELSON MANDELA BAY METRO, Eastern Cape",urban wastewater treatment facility,NA,0,raw wastewater,grab,SARS-CoV-2,yes,SARS-CoV-2: wastewater surveillance,SRR23702790,SRX19564555,21-0271,NICD,NC_045512_Hu-1.fasta
SRR23702791,2021-07-13,"South Africa: Brickfield Pretreatment, NELSON MANDELA BAY METRO, Eastern Cape",urban wastewater treatment facility,NA,0,raw wastewater,grab,SARS-CoV-2,yes,SARS-CoV-2: wastewater surveillance,SRR23702791,SRX19564554,21-0270,NICD,NC_045512_Hu-1.fasta
SRR23702792,2021-07-13,"South Africa: Zandvleit Wastewater, City of Cape Town MM, Western Cape",urban wastewater treatment facility,NA,0,raw wastewater,grab,SARS-CoV-2,yes,SARS-CoV-2: wastewater surveillance,SRR23702792,SRX19564553,21-0269,NICD,NC_045512_Hu-1.fasta
SRR23702793,2021-07-13,"South Africa: Mdantsane waterwaste, BUFFALO CITY MM, Eastern Cape",urban wastewater treatment facility,NA,0,raw wastewater,grab,SARS-CoV-2,yes,SARS-CoV-2: wastewater surveillance,SRR23702793,SRX19564552,21-0267,NICD,NC_045512_Hu-1.fasta
SRR23702910,2021-07-13,"South Africa: Bloemspruit Wastewater, MANGAUNG, Free State",urban wastewater treatment facility,NA,0,raw wastewater,grab,SARS-CoV-2,yes,SARS-CoV-2: wastewater surveillance,SRR23702910,SRX19564435,21-081,NICD,NC_045512_Hu-1.fasta
SRR23702912,2021-07-13,"South Africa: Sterkwater Wastewater, MANGAUNG, Free State",urban wastewater treatment facility,NA,0,raw wastewater,grab,SARS-CoV-2,yes,SARS-CoV-2: wastewater surveillance,SRR23702912,SRX19564433,21-080,NICD,NC_045512_Hu-1.fasta
SRR23702913,2021-07-13,"South Africa: Rooiwal Wastewater Treatment Works, Tshwane , Gauteng",urban wastewater treatment facility,NA,0,raw wastewater,grab,SARS-CoV-2,yes,SARS-CoV-2: wastewater surveillance,SRR23702913,SRX19564432,21-079,NICD,NC_045512_Hu-1.fasta
SRR23702917,2021-07-06,"South Africa: Bloemspruit Wastewater, MANGAUNG, Free State",urban wastewater treatment facility,NA,0,raw wastewater,grab,SARS-CoV-2,yes,SARS-CoV-2: wastewater surveillance,SRR23702917,SRX19564428,21-073,NICD,NC_045512_Hu-1.fasta
SRR23702916,2021-07-06,"South Africa: East Bank waterwaste, BUFFALO CITY MM, Eastern Cape",urban wastewater treatment facility,NA,0,raw wastewater,grab,SARS-CoV-2,yes,SARS-CoV-2: wastewater surveillance,SRR23702916,SRX19564429,21-075,NICD,NC_045512_Hu-1.fasta
SRR23702915,2021-07-06,"South Africa: Mdantsane waterwaste, BUFFALO CITY MM, Eastern Cape",urban wastewater treatment facility,NA,0,raw wastewater,grab,SARS-CoV-2,yes,SARS-CoV-2: wastewater surveillance,SRR23702915,SRX19564430,21-076,NICD,NC_045512_Hu-1.fasta
SRR23702922,2021-07-06,"South Africa: Rooiwal Wastewater Treatment Works, Tshwane , Gauteng",urban wastewater treatment facility,NA,0,raw wastewater,grab,SARS-CoV-2,yes,SARS-CoV-2: wastewater surveillance,SRR23702922,SRX19564374,21-069,NICD,NC_045512_Hu-1.fasta
SRR23702797,2021-07-06,"South Africa: Daspoort Wastewater, Tshwane , Gauteng",urban wastewater treatment facility,NA,0,raw wastewater,grab,SARS-CoV-2,yes,SARS-CoV-2: wastewater surveillance,SRR23702797,SRX19564548,21-0247,NICD,NC_045512_Hu-1.fasta
SRR23702798,2021-07-06,"South Africa: Hartebeesfontein Waterworks, Ekurhuleni, Gauteng",urban wastewater treatment facility,NA,0,raw wastewater,grab,SARS-CoV-2,yes,SARS-CoV-2: wastewater surveillance,SRR23702798,SRX19564547,21-0246,NICD,NC_045512_Hu-1.fasta
SRR23702920,2021-07-05,"South Africa: CENTRAL WASTEWATER TREATMENT WORKS, ETHEKWINI, Kwa-Zulu Natal",urban wastewater treatment facility,NA,0,raw wastewater,grab,SARS-CoV-2,yes,SARS-CoV-2: wastewater surveillance,SRR23702920,SRX19564425,21-070,NICD,NC_045512_Hu-1.fasta
SRR23702921,2021-07-05,"South Africa: GOUDKOPPIES WWTW, Johannesburg MM, Gauteng",urban wastewater treatment facility,NA,0,raw wastewater,grab,SARS-CoV-2,yes,SARS-CoV-2: wastewater surveillance,SRR23702921,SRX19564424,21-068,NICD,NC_045512_Hu-1.fasta
SRR23702919,2021-07-05,"South Africa: Northern Wastewater, ETHEKWINI, Kwa-Zulu Natal",urban wastewater treatment facility,NA,0,raw wastewater,grab,SARS-CoV-2,yes,SARS-CoV-2: wastewater surveillance,SRR23702919,SRX19564426,21-071,NICD,NC_045512_Hu-1.fasta
SRR23702918,2021-07-05,"South Africa: Zandvleit Wastewater, City of Cape Town MM, Western Cape",urban wastewater treatment facility,NA,0,raw wastewater,grab,SARS-CoV-2,yes,SARS-CoV-2: wastewater surveillance,SRR23702918,SRX19564427,21-072,NICD,NC_045512_Hu-1.fasta
SRR23702934,2021-06-29,"South Africa: Daspoort Wastewater, Tshwane , Gauteng",urban wastewater treatment facility,NA,0,raw wastewater,grab,SARS-CoV-2,yes,SARS-CoV-2: wastewater surveillance,SRR23702934,SRX19564412,21-055,NICD,NC_045512_Hu-1.fasta
SRR23702931,2021-06-29,"South Africa: Hartebeesfontein Waterworks, Ekurhuleni, Gauteng",urban wastewater treatment facility,NA,0,raw wastewater,grab,SARS-CoV-2,yes,SARS-CoV-2: wastewater surveillance,SRR23702931,SRX19564415,21-057,NICD,NC_045512_Hu-1.fasta
SRR23702927,2021-06-29,"South Africa: Sterkwater Wastewater, MANGAUNG, Free State",urban wastewater treatment facility,NA,0,raw wastewater,grab,SARS-CoV-2,yes,SARS-CoV-2: wastewater surveillance,SRR23702927,SRX19564419,21-061,NICD,NC_045512_Hu-1.fasta
SRR23702926,2021-06-29,"South Africa: Bloemspruit Wastewater, MANGAUNG, Free State",urban wastewater treatment facility,NA,0,raw wastewater,grab,SARS-CoV-2,yes,SARS-CoV-2: wastewater surveillance,SRR23702926,SRX19564420,21-062,NICD,NC_045512_Hu-1.fasta
SRR23702925,2021-06-29,"South Africa: East Bank waterwaste, BUFFALO CITY MM, Eastern Cape",urban wastewater treatment facility,NA,0,raw wastewater,grab,SARS-CoV-2,yes,SARS-CoV-2: wastewater surveillance,SRR23702925,SRX19564421,21-063,NICD,NC_045512_Hu-1.fasta
SRR23702924,2021-06-29,"South Africa: Mdantsane waterwaste, BUFFALO CITY MM, Eastern Cape",urban wastewater treatment facility,NA,0,raw wastewater,grab,SARS-CoV-2,yes,SARS-CoV-2: wastewater surveillance,SRR23702924,SRX19564422,21-064,NICD,NC_045512_Hu-1.fasta
SRR23702933,2021-06-29,"South Africa: Rooiwal Wastewater Treatment Works, Tshwane , Gauteng",urban wastewater treatment facility,NA,0,raw wastewater,grab,SARS-CoV-2,yes,SARS-CoV-2: wastewater surveillance,SRR23702933,SRX19564413,21-056,NICD,NC_045512_Hu-1.fasta
SRR23702928,2021-06-28,"South Africa: Zandvleit Wastewater, City of Cape Town MM, Western Cape",urban wastewater treatment facility,NA,0,raw wastewater,grab,SARS-CoV-2,yes,SARS-CoV-2: wastewater surveillance,SRR23702928,SRX19564418,21-060,NICD,NC_045512_Hu-1.fasta
SRR23702923,2021-06-28,"South Africa: Daveyton, Ekurhuleni, Gauteng",urban wastewater treatment facility,NA,0,raw wastewater,grab,SARS-CoV-2,yes,SARS-CoV-2: wastewater surveillance,SRR23702923,SRX19564423,21-066,NICD,NC_045512_Hu-1.fasta
SRR23702930,2021-06-28,"South Africa: CENTRAL WASTEWATER TREATMENT WORKS, ETHEKWINI, Kwa-Zulu Natal",urban wastewater treatment facility,NA,0,raw wastewater,grab,SARS-CoV-2,yes,SARS-CoV-2: wastewater surveillance,SRR23702930,SRX19564416,21-058,NICD,NC_045512_Hu-1.fasta
SRR23702929,2021-06-28,"South Africa: Northern Wastewater, ETHEKWINI, Kwa-Zulu Natal",urban wastewater treatment facility,NA,0,raw wastewater,grab,SARS-CoV-2,yes,SARS-CoV-2: wastewater surveillance,SRR23702929,SRX19564417,21-059,NICD,NC_045512_Hu-1.fasta
SRR23702935,2021-06-28,"South Africa: GOUDKOPPIES WWTW, Johannesburg MM, Gauteng",urban wastewater treatment facility,NA,0,raw wastewater,grab,SARS-CoV-2,yes,SARS-CoV-2: wastewater surveillance,SRR23702935,SRX19564411,21-054,NICD,NC_045512_Hu-1.fasta
SRR23702937,2021-06-22,"South Africa: Sterkwater Wastewater, MANGAUNG, Free State",urban wastewater treatment facility,NA,0,raw wastewater,grab,SARS-CoV-2,yes,SARS-CoV-2: wastewater surveillance,SRR23702937,SRX19564409,21-052,NICD,NC_045512_Hu-1.fasta
SRR23702800,2021-06-22,"South Africa: Rooiwal Wastewater Treatment Works, Tshwane , Gauteng",urban wastewater treatment facility,NA,0,raw wastewater,grab,SARS-CoV-2,yes,SARS-CoV-2: wastewater surveillance,SRR23702800,SRX19564545,21-0238,NICD,NC_045512_Hu-1.fasta
SRR23702938,2021-06-22,"South Africa: Mdantsane waterwaste, BUFFALO CITY MM, Eastern Cape",urban wastewater treatment facility,NA,0,raw wastewater,grab,SARS-CoV-2,yes,SARS-CoV-2: wastewater surveillance,SRR23702938,SRX19564408,21-051,NICD,NC_045512_Hu-1.fasta
SRR23702939,2021-06-22,"South Africa: East Bank waterwaste, BUFFALO CITY MM, Eastern Cape",urban wastewater treatment facility,NA,0,raw wastewater,grab,SARS-CoV-2,yes,SARS-CoV-2: wastewater surveillance,SRR23702939,SRX19564407,21-050,NICD,NC_045512_Hu-1.fasta
SRR23702936,2021-06-22,"South Africa: Bloemspruit Wastewater, MANGAUNG, Free State",urban wastewater treatment facility,NA,0,raw wastewater,grab,SARS-CoV-2,yes,SARS-CoV-2: wastewater surveillance,SRR23702936,SRX19564410,21-053,NICD,NC_045512_Hu-1.fasta
SRR23702941,2021-06-22,"South Africa: Daspoort Wastewater, Tshwane , Gauteng",urban wastewater treatment facility,NA,0,raw wastewater,grab,SARS-CoV-2,yes,SARS-CoV-2: wastewater surveillance,SRR23702941,SRX19564405,21-048,NICD,NC_045512_Hu-1.fasta
SRR23702940,2021-06-22,"South Africa: Hartebeesfontein Waterworks, Ekurhuleni, Gauteng",urban wastewater treatment facility,NA,0,raw wastewater,grab,SARS-CoV-2,yes,SARS-CoV-2: wastewater surveillance,SRR23702940,SRX19564406,21-049,NICD,NC_045512_Hu-1.fasta
SRR23702942,2021-06-21,"South Africa: Zandvleit Wastewater, City of Cape Town MM, Western Cape",urban wastewater treatment facility,NA,0,raw wastewater,grab,SARS-CoV-2,yes,SARS-CoV-2: wastewater surveillance,SRR23702942,SRX19564404,21-047,NICD,NC_045512_Hu-1.fasta
SRR23702802,2021-06-21,"South Africa: ERWAT VLAKPLAATS WWTW, Ekurhuleni, Gauteng",urban wastewater treatment facility,NA,0,raw wastewater,grab,SARS-CoV-2,yes,SARS-CoV-2: wastewater surveillance,SRR23702802,SRX19564543,21-0236,NICD,NC_045512_Hu-1.fasta
SRR23702801,2021-06-21,"South Africa: GOUDKOPPIES WWTW, Johannesburg MM, Gauteng",urban wastewater treatment facility,NA,0,raw wastewater,grab,SARS-CoV-2,yes,SARS-CoV-2: wastewater surveillance,SRR23702801,SRX19564544,21-0237,NICD,NC_045512_Hu-1.fasta
SRR23702804,2021-06-21,"South Africa: Northern Wastewater, ETHEKWINI, Kwa-Zulu Natal",urban wastewater treatment facility,NA,0,raw wastewater,grab,SARS-CoV-2,yes,SARS-CoV-2: wastewater surveillance,SRR23702804,SRX19564541,21-0233,NICD,NC_045512_Hu-1.fasta
SRR23702803,2021-06-21,"South Africa: CENTRAL WASTEWATER TREATMENT WORKS, ETHEKWINI, Kwa-Zulu Natal",urban wastewater treatment facility,NA,0,raw wastewater,grab,SARS-CoV-2,yes,SARS-CoV-2: wastewater surveillance,SRR23702803,SRX19564542,21-0234,NICD,NC_045512_Hu-1.fasta
SRR23702944,2021-06-15,"South Africa: East Bank waterwaste, BUFFALO CITY MM, Eastern Cape",urban wastewater treatment facility,NA,0,raw wastewater,grab,SARS-CoV-2,yes,SARS-CoV-2: wastewater surveillance,SRR23702944,SRX19564620,21-046,NICD,NC_045512_Hu-1.fasta
SRR23702731,2021-06-15,"South Africa: Rooiwal Wastewater Treatment Works, Tshwane , Gauteng",urban wastewater treatment facility,NA,0,raw wastewater,grab,SARS-CoV-2,yes,SARS-CoV-2: wastewater surveillance,SRR23702731,SRX19564614,21-039,NICD,NC_045512_Hu-1.fasta
SRR23702730,2021-06-15,"South Africa: Hartebeesfontein Waterworks, Ekurhuleni, Gauteng",urban wastewater treatment facility,NA,0,raw wastewater,grab,SARS-CoV-2,yes,SARS-CoV-2: wastewater surveillance,SRR23702730,SRX19564615,21-040,NICD,NC_045512_Hu-1.fasta
SRR23702729,2021-06-15,"South Africa: Daspoort Wastewater, Tshwane , Gauteng",urban wastewater treatment facility,NA,0,raw wastewater,grab,SARS-CoV-2,yes,SARS-CoV-2: wastewater surveillance,SRR23702729,SRX19564616,21-041,NICD,NC_045512_Hu-1.fasta
SRR23702805,2021-06-15,"South Africa: Bloemspruit Wastewater, MANGAUNG, Free State",urban wastewater treatment facility,NA,0,raw wastewater,grab,SARS-CoV-2,yes,SARS-CoV-2: wastewater surveillance,SRR23702805,SRX19564540,21-0232,NICD,NC_045512_Hu-1.fasta
SRR23702806,2021-06-15,"South Africa: Sterkwater Wastewater, MANGAUNG, Free State",urban wastewater treatment facility,NA,0,raw wastewater,grab,SARS-CoV-2,yes,SARS-CoV-2: wastewater surveillance,SRR23702806,SRX19564539,21-0231,NICD,NC_045512_Hu-1.fasta
SRR23702726,2021-06-14,"South Africa: CENTRAL WASTEWATER TREATMENT WORKS, ETHEKWINI, Kwa-Zulu Natal",urban wastewater treatment facility,NA,0,raw wastewater,grab,SARS-CoV-2,yes,SARS-CoV-2: wastewater surveillance,SRR23702726,SRX19564619,21-044,NICD,NC_045512_Hu-1.fasta
SRR23702727,2021-06-14,"South Africa: Northern Wastewater, ETHEKWINI, Kwa-Zulu Natal",urban wastewater treatment facility,NA,0,raw wastewater,grab,SARS-CoV-2,yes,SARS-CoV-2: wastewater surveillance,SRR23702727,SRX19564618,21-043,NICD,NC_045512_Hu-1.fasta
SRR23702728,2021-06-14,"South Africa: Zandvleit Wastewater, City of Cape Town MM, Western Cape",urban wastewater treatment facility,NA,0,raw wastewater,grab,SARS-CoV-2,yes,SARS-CoV-2: wastewater surveillance,SRR23702728,SRX19564617,21-042,NICD,NC_045512_Hu-1.fasta
SRR23702733,2021-06-14,"South Africa: ERWAT VLAKPLAATS WWTW, Ekurhuleni, Gauteng",urban wastewater treatment facility,NA,0,raw wastewater,grab,SARS-CoV-2,yes,SARS-CoV-2: wastewater surveillance,SRR23702733,SRX19564612,21-037,NICD,NC_045512_Hu-1.fasta
SRR23702732,2021-06-14,"South Africa: GOUDKOPPIES WWTW, Johannesburg MM, Gauteng",urban wastewater treatment facility,NA,0,raw wastewater,grab,SARS-CoV-2,yes,SARS-CoV-2: wastewater surveillance,SRR23702732,SRX19564613,21-038,NICD,NC_045512_Hu-1.fasta
SRR23702748,2021-06-08,"South Africa: Rooiwal Wastewater Treatment Works, Tshwane , Gauteng",urban wastewater treatment facility,NA,0,raw wastewater,grab,SARS-CoV-2,yes,SARS-CoV-2: wastewater surveillance,SRR23702748,SRX19564597,21-033,NICD,NC_045512_Hu-1.fasta
SRR23702749,2021-06-08,"South Africa: Hartebeesfontein Waterworks, Ekurhuleni, Gauteng",urban wastewater treatment facility,NA,0,raw wastewater,grab,SARS-CoV-2,yes,SARS-CoV-2: wastewater surveillance,SRR23702749,SRX19564596,21-032,NICD,NC_045512_Hu-1.fasta
SRR23702840,2021-06-08,"South Africa: East Bank waterwaste, BUFFALO CITY MM, Eastern Cape",urban wastewater treatment facility,NA,0,raw wastewater,grab,SARS-CoV-2,yes,SARS-CoV-2: wastewater surveillance,SRR23702840,SRX19564505,21-0224,NICD,NC_045512_Hu-1.fasta
SRR23702839,2021-06-08,"South Africa: Brickfield Pretreatment, NELSON MANDELA BAY METRO, Eastern Cape",urban wastewater treatment facility,NA,0,raw wastewater,grab,SARS-CoV-2,yes,SARS-CoV-2: wastewater surveillance,SRR23702839,SRX19564506,21-0225,NICD,NC_045512_Hu-1.fasta
SRR23702750,2021-06-08,"South Africa: Daspoort Wastewater, Tshwane , Gauteng",urban wastewater treatment facility,NA,0,raw wastewater,grab,SARS-CoV-2,yes,SARS-CoV-2: wastewater surveillance,SRR23702750,SRX19564595,21-030,NICD,NC_045512_Hu-1.fasta
SRR23702743,2021-06-08,"South Africa: Sterkwater Wastewater, MANGAUNG, Free State",urban wastewater treatment facility,NA,0,raw wastewater,grab,SARS-CoV-2,yes,SARS-CoV-2: wastewater surveillance,SRR23702743,SRX19564602,21-034,NICD,NC_045512_Hu-1.fasta
SRR23702736,2021-06-08,"South Africa: Bloemspruit Wastewater, MANGAUNG, Free State",urban wastewater treatment facility,NA,0,raw wastewater,grab,SARS-CoV-2,yes,SARS-CoV-2: wastewater surveillance,SRR23702736,SRX19564609,21-035,NICD,NC_045512_Hu-1.fasta
SRR23702838,2021-06-08,"South Africa: Kwanobuhle Waterwaste, NELSON MANDELA BAY METRO, Eastern Cape",urban wastewater treatment facility,NA,0,raw wastewater,grab,SARS-CoV-2,yes,SARS-CoV-2: wastewater surveillance,SRR23702838,SRX19564507,21-0226,NICD,NC_045512_Hu-1.fasta
SRR23702783,2021-06-07,"South Africa: ERWAT VLAKPLAATS WWTW, Ekurhuleni, Gauteng",urban wastewater treatment facility,NA,0,raw wastewater,grab,SARS-CoV-2,yes,SARS-CoV-2: wastewater surveillance,SRR23702783,SRX19564562,21-029,NICD,NC_045512_Hu-1.fasta
SRR23702734,2021-06-07,"South Africa: CENTRAL WASTEWATER TREATMENT WORKS, ETHEKWINI, Kwa-Zulu Natal",urban wastewater treatment facility,NA,0,raw wastewater,grab,SARS-CoV-2,yes,SARS-CoV-2: wastewater surveillance,SRR23702734,SRX19564611,21-036,NICD,NC_045512_Hu-1.fasta
SRR23702809,2021-06-07,"South Africa: Zandvleit Wastewater, City of Cape Town MM, Western Cape",urban wastewater treatment facility,NA,0,raw wastewater,grab,SARS-CoV-2,yes,SARS-CoV-2: wastewater surveillance,SRR23702809,SRX19564508,21-0227,NICD,NC_045512_Hu-1.fasta
SRR23702808,2021-06-07,"South Africa: Borcheds Quarry Wastewater, City of Cape Town MM, Western Cape",urban wastewater treatment facility,NA,0,raw wastewater,grab,SARS-CoV-2,yes,SARS-CoV-2: wastewater surveillance,SRR23702808,SRX19564537,21-0228,NICD,NC_045512_Hu-1.fasta
SRR23702789,2021-06-03,"South Africa: Daveyton, Ekurhuleni, Gauteng",urban wastewater treatment facility,NA,0,raw wastewater,grab,SARS-CoV-2,yes,SARS-CoV-2: wastewater surveillance,SRR23702789,SRX19564556,21-028,NICD,NC_045512_Hu-1.fasta
SRR23702794,2021-06-01,"South Africa: Sterkwater Wastewater, MANGAUNG, Free State",urban wastewater treatment facility,NA,0,raw wastewater,grab,SARS-CoV-2,yes,SARS-CoV-2: wastewater surveillance,SRR23702794,SRX19564551,21-026,NICD,NC_045512_Hu-1.fasta
SRR23702795,2021-06-01,"South Africa: Bloemspruit Wastewater, MANGAUNG, Free State",urban wastewater treatment facility,NA,0,raw wastewater,grab,SARS-CoV-2,yes,SARS-CoV-2: wastewater surveillance,SRR23702795,SRX19564550,21-025,NICD,NC_045512_Hu-1.fasta
SRR23702799,2021-06-01,"South Africa: East Bank waterwaste, BUFFALO CITY MM, Eastern Cape",urban wastewater treatment facility,NA,0,raw wastewater,grab,SARS-CoV-2,yes,SARS-CoV-2: wastewater surveillance,SRR23702799,SRX19564546,21-024,NICD,NC_045512_Hu-1.fasta
SRR23702772,2021-06-01,"South Africa: Hartebeesfontein Waterworks, Ekurhuleni, Gauteng",urban wastewater treatment facility,NA,0,raw wastewater,grab,SARS-CoV-2,yes,SARS-CoV-2: wastewater surveillance,SRR23702772,SRX19564573,21-0214,NICD,NC_045512_Hu-1.fasta
SRR23702761,2021-06-01,"South Africa: Northern Wastewater, Johannesburg, Gauteng",urban wastewater treatment facility,NA,0,raw wastewater,grab,SARS-CoV-2,yes,SARS-CoV-2: wastewater surveillance,SRR23702761,SRX19564584,21-0215,NICD,NC_045512_Hu-1.fasta
SRR23702862,2021-06-01,"South Africa: Daspoort Wastewater, Tshwane , Gauteng",urban wastewater treatment facility,NA,0,raw wastewater,grab,SARS-CoV-2,yes,SARS-CoV-2: wastewater surveillance,SRR23702862,SRX19564483,21-0216,NICD,NC_045512_Hu-1.fasta
SRR23702811,2021-05-31,"South Africa: CENTRAL WASTEWATER TREATMENT WORKS, ETHEKWINI, Kwa-Zulu Natal",urban wastewater treatment facility,NA,0,raw wastewater,grab,SARS-CoV-2,yes,SARS-CoV-2: wastewater surveillance,SRR23702811,SRX19564534,21-021,NICD,NC_045512_Hu-1.fasta
SRR23702946,2021-05-31,"South Africa: Zandvleit Wastewater, City of Cape Town MM, Western Cape",urban wastewater treatment facility,NA,0,raw wastewater,grab,SARS-CoV-2,yes,SARS-CoV-2: wastewater surveillance,SRR23702946,SRX19564400,21-019,NICD,NC_045512_Hu-1.fasta
SRR23702851,2021-05-31,"South Africa: Rooiwal Wastewater Treatment Works, Tshwane , Gauteng",urban wastewater treatment facility,NA,0,raw wastewater,grab,SARS-CoV-2,yes,SARS-CoV-2: wastewater surveillance,SRR23702851,SRX19564494,21-022,NICD,NC_045512_Hu-1.fasta
SRR23702873,2021-05-24,"South Africa: GOUDKOPPIES WWTW, Johannesburg MM, Gauteng",urban wastewater treatment facility,NA,0,raw wastewater,grab,SARS-CoV-2,yes,SARS-CoV-2: wastewater surveillance,SRR23702873,SRX19564472,21-0204,NICD,NC_045512_Hu-1.fasta
SRR23702834,2021-05-24,"South Africa: ERWAT VLAKPLAATS WWTW, Ekurhuleni, Gauteng",urban wastewater treatment facility,NA,0,raw wastewater,grab,SARS-CoV-2,yes,SARS-CoV-2: wastewater surveillance,SRR23702834,SRX19564511,21-0205,NICD,NC_045512_Hu-1.fasta
SRR23702823,2021-05-24,"South Africa: Northern Wastewater, ETHEKWINI, Kwa-Zulu Natal",urban wastewater treatment facility,NA,0,raw wastewater,grab,SARS-CoV-2,yes,SARS-CoV-2: wastewater surveillance,SRR23702823,SRX19564522,21-0206,NICD,NC_045512_Hu-1.fasta
SRR23702884,2021-05-24,"South Africa: Rooiwal Wastewater Treatment Works, Tshwane , Gauteng",urban wastewater treatment facility,NA,0,raw wastewater,grab,SARS-CoV-2,yes,SARS-CoV-2: wastewater surveillance,SRR23702884,SRX19564461,21-0203,NICD,NC_045512_Hu-1.fasta
SRR23702900,2021-05-17,"South Africa: Daveyton, Ekurhuleni, Gauteng",urban wastewater treatment facility,NA,0,raw wastewater,grab,SARS-CoV-2,yes,SARS-CoV-2: wastewater surveillance,SRR23702900,SRX19564445,21-018,NICD,NC_045512_Hu-1.fasta
SRR23702957,2021-05-10,"South Africa: Zandvleit Wastewater, City of Cape Town MM, Western Cape",urban wastewater treatment facility,NA,0,raw wastewater,grab,SARS-CoV-2,yes,SARS-CoV-2: wastewater surveillance,SRR23702957,SRX19564389,21-0186,NICD,NC_045512_Hu-1.fasta
SRR23702911,2021-05-04,"South Africa: Northern Wastewater, Johannesburg, Gauteng",urban wastewater treatment facility,NA,0,raw wastewater,grab,SARS-CoV-2,yes,SARS-CoV-2: wastewater surveillance,SRR23702911,SRX19564434,21-0179,NICD,NC_045512_Hu-1.fasta
SRR23702968,2021-05-04,"South Africa: Daspoort Wastewater, Tshwane , Gauteng",urban wastewater treatment facility,NA,0,raw wastewater,grab,SARS-CoV-2,yes,SARS-CoV-2: wastewater surveillance,SRR23702968,SRX19564378,21-0180,NICD,NC_045512_Hu-1.fasta
SRR23702932,2021-04-26,"South Africa: Rooiwal Wastewater Treatment Works, Tshwane , Gauteng",urban wastewater treatment facility,NA,0,raw wastewater,grab,SARS-CoV-2,yes,SARS-CoV-2: wastewater surveillance,SRR23702932,SRX19564414,21-0157,NICD,NC_045512_Hu-1.fasta
SRR23702973,2021-04-26,"South Africa: CENTRAL WASTEWATER TREATMENT WORKS, ETHEKWINI, Kwa-Zulu Natal",urban wastewater treatment facility,NA,0,raw wastewater,grab,SARS-CoV-2,yes,SARS-CoV-2: wastewater surveillance,SRR23702973,SRX19564373,21-0167,NICD,NC_045512_Hu-1.fasta
SRR23702943,2021-04-20,"South Africa: Sterkwater Wastewater, MANGAUNG, Free State",urban wastewater treatment facility,NA,0,raw wastewater,grab,SARS-CoV-2,yes,SARS-CoV-2: wastewater surveillance,SRR23702943,SRX19564403,21-0156,NICD,NC_045512_Hu-1.fasta
SRR23702735,2021-04-20,"South Africa: Bloemspruit Wastewater, MANGAUNG, Free State",urban wastewater treatment facility,NA,0,raw wastewater,grab,SARS-CoV-2,yes,SARS-CoV-2: wastewater surveillance,SRR23702735,SRX19564610,21-0155,NICD,NC_045512_Hu-1.fasta
SRR23702796,2021-04-13,"South Africa: Brickfield Pretreatment, NELSON MANDELA BAY METRO, Eastern Cape",urban wastewater treatment facility,NA,0,raw wastewater,grab,SARS-CoV-2,yes,SARS-CoV-2: wastewater surveillance,SRR23702796,SRX19564549,21-0143,NICD,NC_045512_Hu-1.fasta
SRR23702785,2021-04-13,"South Africa: East Bank waterwaste, BUFFALO CITY MM, Eastern Cape",urban wastewater treatment facility,NA,0,raw wastewater,grab,SARS-CoV-2,yes,SARS-CoV-2: wastewater surveillance,SRR23702785,SRX19564560,21-0145,NICD,NC_045512_Hu-1.fasta
SRR23702807,2021-04-13,"South Africa: Kwanobuhle Waterwaste, NELSON MANDELA BAY METRO, Eastern Cape",urban wastewater treatment facility,NA,0,raw wastewater,grab,SARS-CoV-2,yes,SARS-CoV-2: wastewater surveillance,SRR23702807,SRX19564538,21-0142,NICD,NC_045512_Hu-1.fasta
SRR23702746,2021-04-12,"South Africa: Borcheds Quarry Wastewater, City of Cape Town MM, Western Cape",urban wastewater treatment facility,NA,0,raw wastewater,grab,SARS-CoV-2,yes,SARS-CoV-2: wastewater surveillance,SRR23702746,SRX19564599,21-0147,NICD,NC_045512_Hu-1.fasta
SRR23702974,2021-04-06,"South Africa: Hartebeesfontein Waterworks, Ekurhuleni, Gauteng",urban wastewater treatment facility,NA,0,raw wastewater,grab,SARS-CoV-2,yes,SARS-CoV-2: wastewater surveillance,SRR23702974,SRX19564372,21-0129,NICD,NC_045512_Hu-1.fasta
SRR23702975,2021-04-06,"South Africa: Northern Wastewater, Johannesburg, Gauteng",urban wastewater treatment facility,NA,0,raw wastewater,grab,SARS-CoV-2,yes,SARS-CoV-2: wastewater surveillance,SRR23702975,SRX19564371,21-0128,NICD,NC_045512_Hu-1.fasta
SRR23702812,2021-04-06,"South Africa: Daspoort Wastewater, Tshwane , Gauteng",urban wastewater treatment facility,NA,0,raw wastewater,grab,SARS-CoV-2,yes,SARS-CoV-2: wastewater surveillance,SRR23702812,SRX19564533,21-0134,NICD,NC_045512_Hu-1.fasta
SRR24833901,2021-01-18,South Africa: Limpopo,Waste sedimentation pond,NA,0,sewer pipeline sediments,grab,SARS-CoV-2,yes,SARS-CoV-2: wastewater surveillance,SRR24833901,SRX20598310,,,
